Method,Accuracy,BalancedAccuracy,MacroPrecision,MacroRecall,MacroF1,MacroAUROC,MacroFPR,LogLoss,TrainSeconds,CommMB,Parameters,PoisonRatio,AttackType,Attackers,Seed,Scenario
FedAvg,0.07922168172341904,0.222276498138956,0.026697368169523252,0.222276498138956,0.04065554683089969,0.5342742365412202,0.16875863116153678,14.672323511487399,31.204481840133667,17.28973388671875,22662,0.3,sign_flip,"6,7,8",211,sign_flip@0.3
CoordMedian,0.590993745656706,0.6355318624395186,0.5317052277061308,0.6355318624395186,0.4960295128922592,0.9574216111476229,0.08151285107086474,0.9790475795699577,30.345160484313965,17.28973388671875,22662,0.3,sign_flip,"6,7,8",211,sign_flip@0.3
TrimmedMean,0.579763724808895,0.5694652428649146,0.41274908204099053,0.5694652428649146,0.39593460129458896,0.940573793340901,0.08344257441500308,1.427904423001019,31.300800561904907,17.28973388671875,22662,0.3,sign_flip,"6,7,8",211,sign_flip@0.3
MultiKrum,0.5939124391938846,0.6822541620866623,0.6530679003548242,0.6822541620866623,0.5580213335745127,0.959334325859066,0.08105800441327833,0.8579929794153037,30.947447299957275,17.28973388671875,22662,0.3,sign_flip,"6,7,8",211,sign_flip@0.3
Async-Stale,0.16678248783877692,0.32025092488338425,0.03992930984655276,0.32025092488338425,0.06687478562110004,0.47337768420522636,0.16041557240255247,12.275250248168437,27.10324263572693,14.004684448242188,22662,0.3,sign_flip,"6,7,8",211,sign_flip@0.3
RawTrust,0.17601111883252257,0.3291512519435955,0.0417044448259044,0.3291512519435955,0.07159756331597618,0.6135310473555581,0.16168168577183606,11.078644578956228,27.093822240829468,14.004684448242188,22662,0.3,sign_flip,"6,7,8",211,sign_flip@0.3
AgriTrust-ACFL,0.8211535788742182,0.5917873906814948,0.6929033954800193,0.5917873906814948,0.5362710126063505,0.9543411974966204,0.09769478320363661,0.3941420647959213,33.98917841911316,14.004684448242188,22662,0.3,sign_flip,"6,7,8",211,sign_flip@0.3
FedAvg,0.7404586518415567,0.24781225139220364,0.22107387533326583,0.24781225139220364,0.2305829922024869,0.845287828392027,0.15607976992927083,3.5523274420601445,30.99925661087036,17.28973388671875,22662,0.3,model_replace,"6,7,8",211,model_replace@0.3
CoordMedian,0.607866574009729,0.707431241167822,0.748389573381882,0.707431241167822,0.6493358840311291,0.9555688970524591,0.07897604516859912,0.5307060534821089,30.806809425354004,17.28973388671875,22662,0.3,model_replace,"6,7,8",211,model_replace@0.3
TrimmedMean,0.7329256428075052,0.7028586137328774,0.7723209057143837,0.7028586137328774,0.6930799844009377,0.9577842575924032,0.07052313085112297,0.40301944439437654,30.535645246505737,17.28973388671875,22662,0.3,model_replace,"6,7,8",211,model_replace@0.3
MultiKrum,0.5939124391938846,0.6822541620866623,0.6530679003548242,0.6822541620866623,0.5580213335745127,0.959334325859066,0.08105800441327833,0.8579929794153037,29.948899269104004,17.28973388671875,22662,0.3,model_replace,"6,7,8",211,model_replace@0.3
Async-Stale,0.8028630993745657,0.48140269808020775,0.5613816477744885,0.48140269808020775,0.42738022264289205,0.9181184339579817,0.1134817984979501,1.5829307371547252,26.36490535736084,14.004684448242188,22662,0.3,model_replace,"6,7,8",211,model_replace@0.3
RawTrust,0.7502710215427381,0.3182116252683031,0.22376296378459318,0.3182116252683031,0.2623540518292493,0.8520595760869397,0.14700206120790676,3.2177291981854825,26.78518843650818,14.004684448242188,22662,0.3,model_replace,"6,7,8",211,model_replace@0.3
AgriTrust-ACFL,0.8331063238359973,0.6110746937133532,0.8471881367942058,0.6110746937133532,0.5987886466016005,0.9594846697965501,0.0949081945072824,0.3610294707238636,32.69525694847107,14.004684448242188,22662,0.3,model_replace,"6,7,8",211,model_replace@0.3
FedAvg,0.5676719944405837,0.5528005217699384,0.3880297663496075,0.5528005217699384,0.3988419098350409,0.7440513566882189,0.08626663321562657,1.349400725046761,31.061639070510864,17.28973388671875,22662,0.3,collusive_scale,"6,7,8",211,collusive_scale@0.3
CoordMedian,0.8352189020152884,0.6385179570154599,0.8239597120591703,0.6385179570154599,0.6506283472665962,0.9573337926778128,0.08652687164238086,0.3517407921276387,31.267383337020874,17.28973388671875,22662,0.3,collusive_scale,"6,7,8",211,collusive_scale@0.3
TrimmedMean,0.8045587213342599,0.5639590796894742,0.5663969269775455,0.5639590796894742,0.5610145199064364,0.9386114463812955,0.11321135511645491,0.9141044678902089,30.801310539245605,17.28973388671875,22662,0.3,collusive_scale,"6,7,8",211,collusive_scale@0.3
MultiKrum,0.5939124391938846,0.6822541620866623,0.6530679003548242,0.6822541620866623,0.5580213335745127,0.959334325859066,0.08105800441327833,0.8579929794153037,30.751502513885498,17.28973388671875,22662,0.3,collusive_scale,"6,7,8",211,collusive_scale@0.3
Async-Stale,0.7552744961779013,0.3496046661951182,0.6211838199092742,0.3496046661951182,0.3250864076364311,0.9129865431134067,0.14424446822854387,1.632314940709341,27.41960382461548,14.004684448242188,22662,0.3,collusive_scale,"6,7,8",211,collusive_scale@0.3
RawTrust,0.8079499652536484,0.532275630553405,0.724691481349474,0.532275630553405,0.5032044791484499,0.9483738776068117,0.11131572411344513,0.7999663234921481,27.259339570999146,14.004684448242188,22662,0.3,collusive_scale,"6,7,8",211,collusive_scale@0.3
AgriTrust-ACFL,0.832077831827658,0.6195824656875585,0.8330877570911909,0.6195824656875585,0.59279533781148,0.9587051622276563,0.09581906443544341,0.3650708191585961,33.153074741363525,14.004684448242188,22662,0.3,collusive_scale,"6,7,8",211,collusive_scale@0.3
FedAvg,0.8376372480889507,0.6234281477774645,0.8215819336789018,0.6234281477774645,0.6182039853817127,0.9593043326688998,0.0905106448600951,0.3556854047737688,31.87951135635376,17.28973388671875,22662,0.3,adaptive_slow_drift,"6,7,8",211,adaptive_slow_drift@0.3
CoordMedian,0.5963585823488534,0.7119823421635351,0.6581129146193664,0.7119823421635351,0.5940601982805176,0.957790790101024,0.0806253973067034,0.5429210455506778,31.41999912261963,17.28973388671875,22662,0.3,adaptive_slow_drift,"6,7,8",211,adaptive_slow_drift@0.3
TrimmedMean,0.6056706045865184,0.7240499477193464,0.7375958680290698,0.7240499477193464,0.6439834549970512,0.9556633386313971,0.07923534925692517,0.5288265273227586,30.9682879447937,17.28973388671875,22662,0.3,adaptive_slow_drift,"6,7,8",211,adaptive_slow_drift@0.3
MultiKrum,0.6054760250173732,0.6868410701941041,0.7596163972330964,0.6868410701941041,0.6365075308522535,0.9555978358794741,0.07910284375173181,0.5667150365071967,30.210843563079834,17.28973388671875,22662,0.3,adaptive_slow_drift,"6,7,8",211,adaptive_slow_drift@0.3
Async-Stale,0.8316330785267547,0.5988340974668495,0.8400845913255942,0.5988340974668495,0.5835617374128839,0.9595750397955828,0.09624133051399246,0.36545897632121077,27.267924308776855,14.004684448242188,22662,0.3,adaptive_slow_drift,"6,7,8",211,adaptive_slow_drift@0.3
RawTrust,0.8335788742182071,0.613888921011381,0.824750527172735,0.613888921011381,0.5949857711308298,0.9593500268213613,0.09459669490520554,0.35504787424421913,26.473118782043457,14.004684448242188,22662,0.3,adaptive_slow_drift,"6,7,8",211,adaptive_slow_drift@0.3
AgriTrust-ACFL,0.8331063238359973,0.633305688044908,0.8161455022185713,0.633305688044908,0.5986908089702525,0.9587871902494053,0.09449529018484669,0.3562929670698206,32.73160934448242,14.004684448242188,22662,0.3,adaptive_slow_drift,"6,7,8",211,adaptive_slow_drift@0.3
