Method,Accuracy,BalancedAccuracy,MacroPrecision,MacroRecall,MacroF1,MacroAUROC,MacroFPR,LogLoss,TrainSeconds,CommMB,Parameters,DropoutRate,MaxStaleness
Async-Stale,0.8123419041000695,0.5292789182888483,0.8994037940379404,0.5292789182888483,0.49360091062659045,0.9570884368246748,0.10818120421392013,0.7145941250355892,56.74599742889404,34.5794677734375,22662,0.0,0
AgriTrust-ACFL,0.798860319666435,0.6920247622780842,0.7546533756006694,0.6920247622780842,0.6723425148208562,0.9597480441920978,0.07301774615705198,0.36226547959767763,68.44974088668823,34.5794677734375,22662,0.0,0
Async-Stale,0.8083113273106324,0.5105247073370828,0.5635439179845548,0.5105247073370828,0.46152871570639636,0.9526890527272688,0.11027915689071305,0.832406213323125,55.90275740623474,34.5794677734375,22662,0.0,1
AgriTrust-ACFL,0.7891591382904795,0.6865108451161577,0.7381216758761678,0.6865108451161577,0.6391750359414371,0.9585989031889381,0.07251882761266744,0.3780001106516251,66.81861758232117,34.5794677734375,22662,0.0,1
Async-Stale,0.8073384294649062,0.4964618490498674,0.5622744238768028,0.4964618490498674,0.43624058758502304,0.9419743577186238,0.11065409297085547,0.9569917402662984,54.363821268081665,34.5794677734375,22662,0.0,2
AgriTrust-ACFL,0.8218207088255733,0.5544693838319652,0.8776481495049039,0.5544693838319652,0.5305118819248956,0.9560918107946333,0.10221613463182101,0.4573678792328073,66.34240961074829,34.5794677734375,22662,0.0,2
Async-Stale,0.8324391938846422,0.5983724191725472,0.8421352349773458,0.5983724191725472,0.588115111530518,0.9573990572614672,0.09330440638895517,0.35623907865729937,53.2132089138031,34.5794677734375,22662,0.0,4
AgriTrust-ACFL,0.7041000694927033,0.6915536730958319,0.7447364829359132,0.6915536730958319,0.6392934253479505,0.9578823555500745,0.0678123691437517,0.4504209018288338,64.13976788520813,34.5794677734375,22662,0.0,4
Async-Stale,0.8133981931897151,0.5190983005635932,0.7260875192720789,0.5190983005635932,0.4776495043557692,0.9548160234561088,0.10728403395687285,0.5452608381970899,56.32090997695923,34.5794677734375,22662,0.0,6
AgriTrust-ACFL,0.8308547602501737,0.5832042659289004,0.8497642221472059,0.5832042659289004,0.5709672910889156,0.9564612237485277,0.09667883078240208,0.3608417027166138,74.48196983337402,34.5794677734375,22662,0.0,6
Async-Stale,0.8278248783877693,0.5437624354746385,0.8980442113365467,0.5437624354746385,0.5199123170871048,0.9592706176062863,0.09839469069635025,0.4274704020766972,45.36319136619568,27.317779541015625,22662,0.2,0
AgriTrust-ACFL,0.5902988186240444,0.6501640548323784,0.7277084922861197,0.6501640548323784,0.5207027088535887,0.9578653167448099,0.08170128939206928,1.0612302306247687,55.850014448165894,27.317779541015625,22662,0.2,0
Async-Stale,0.8077275886031967,0.4986756291807823,0.5628654165261026,0.4986756291807823,0.4396508737488202,0.9487965602346285,0.11050305188363137,1.028791313440497,46.047191858291626,27.66357421875,22662,0.2,1
AgriTrust-ACFL,0.7925225851285616,0.6166216169965192,0.7920655407949022,0.6166216169965192,0.6049596830223593,0.9569880329679071,0.07552995727420528,0.3682197644077559,57.04896640777588,27.66357421875,22662,0.2,1
Async-Stale,0.8077553856845031,0.5055356880907144,0.5641156564778345,0.5055356880907144,0.45489218838968976,0.9492877442863877,0.11075597519794479,0.8548385086843544,50.59172987937927,29.0467529296875,22662,0.2,2
AgriTrust-ACFL,0.7386518415566365,0.7226627894951014,0.7046514638753631,0.7226627894951014,0.6728140361339959,0.9583784585501062,0.06536324950930276,0.41798624814820784,61.58415484428406,29.0467529296875,22662,0.2,2
Async-Stale,0.8060597637248089,0.49154906143180294,0.39602336114779146,0.49154906143180294,0.43226852756163986,0.9307220357394677,0.11156441570528404,1.2115336653523718,47.653446674346924,29.392547607421875,22662,0.2,4
AgriTrust-ACFL,0.8084503127171647,0.5014560498021482,0.8678630321230342,0.5014560498021482,0.4428936250452442,0.955001731099216,0.10992242545451829,0.5631606792593286,58.73381185531616,29.392547607421875,22662,0.2,4
Async-Stale,0.8061987491313413,0.4919589646946329,0.39580111616192504,0.4919589646946329,0.43229623165843917,0.9346392329602081,0.11142946396742164,1.2410452050283336,49.253257274627686,28.528060913085938,22662,0.2,6
AgriTrust-ACFL,0.8321334259902711,0.5747266470051206,0.8578109149606256,0.5747266470051206,0.5696709929755287,0.9553600826098546,0.09467245069837794,0.3560364016864475,60.10450053215027,28.528060913085938,22662,0.2,6
Async-Stale,0.8076719944405837,0.49645519249070597,0.3964437379023058,0.49645519249070597,0.4351033197883903,0.9213190895028309,0.11060953236484643,1.5129426835333382,33.726266860961914,20.7476806640625,22662,0.4,0
AgriTrust-ACFL,0.8138429464906185,0.5280062948198441,0.8318334110135285,0.5280062948198441,0.492616216852457,0.9560275053643176,0.10689327874922955,0.4735315879536354,42.88560628890991,20.7476806640625,22662,0.4,0
Async-Stale,0.8293259207783182,0.600775843306358,0.8362929507525892,0.600775843306358,0.5814633561365298,0.958974612891449,0.0980969938549629,0.42017533329882223,36.24915075302124,21.43927001953125,22662,0.4,1
AgriTrust-ACFL,0.8321612230715775,0.6374104461162334,0.782390767897892,0.6374104461162334,0.6030720708730787,0.9577565276915915,0.0913262032769922,0.35412568973860153,43.40059733390808,21.43927001953125,22662,0.4,1
Async-Stale,0.8198471160528145,0.6321239732685898,0.7333721511479364,0.6321239732685898,0.6079011555672139,0.9526300496663661,0.08618565998665577,0.3687138464155418,36.49977397918701,22.130859375,22662,0.4,2
AgriTrust-ACFL,0.7130507296733843,0.7008502488591598,0.7092258738026614,0.7008502488591598,0.6343971302468743,0.9569872818655898,0.07264915288700513,0.4230007393810582,45.07641577720642,22.130859375,22662,0.4,2
Async-Stale,0.8307713690062544,0.5968328464624052,0.6899193252273353,0.5968328464624052,0.5779824125700274,0.9551990479909637,0.09663557504361535,0.38046709546828683,32.570019245147705,19.883193969726562,22662,0.4,4
AgriTrust-ACFL,0.7896316886726894,0.6685337844217355,0.7389494951936443,0.6685337844217355,0.61218073569956,0.9563268593356667,0.07336622260431995,0.3837377190510248,38.732197284698486,19.883193969726562,22662,0.4,4
Async-Stale,0.7794301598332175,0.6293695336924374,0.7120295001881386,0.6293695336924374,0.5785242140260388,0.9536797350244172,0.07851944634034902,0.3912080216155446,37.25618886947632,21.43927001953125,22662,0.4,6
AgriTrust-ACFL,0.5864350243224461,0.6238995775720851,0.6605345206812723,0.6238995775720851,0.46903591146804136,0.9554287453971207,0.08239282801145262,0.8052869438024453,45.15983819961548,21.43927001953125,22662,0.4,6
Async-Stale,0.8262682418346073,0.5456116053894436,0.7322893502776804,0.5456116053894436,0.5227211575351797,0.9560906372442632,0.09974944356636899,0.5724714319535543,29.824260473251343,16.59814453125,22662,0.6,0
AgriTrust-ACFL,0.827685892981237,0.6229633717590983,0.8048155076569637,0.6229633717590983,0.6266870695535515,0.9575089868055652,0.08628074047690444,0.3517181973080809,37.68361234664917,16.59814453125,22662,0.6,0
Async-Stale,0.7928839471855456,0.45187189302397684,0.3944949361853934,0.45187189302397684,0.4082545688713705,0.9115861367030428,0.11981945049814273,2.2668646556671948,25.47085165977478,13.658889770507812,22662,0.6,1
AgriTrust-ACFL,0.8079499652536484,0.4981861575390501,0.5615280894127115,0.4981861575390501,0.435582570725628,0.9458744675352081,0.1101047993434422,1.2382382595814294,31.806622743606567,13.658889770507812,22662,0.6,1
Async-Stale,0.7236136205698401,0.7155335385964725,0.7099210230325781,0.7155335385964725,0.6728569064164046,0.9569915370100063,0.0727587556676547,0.4111571700027189,24.331201791763306,12.967300415039062,22662,0.6,2
AgriTrust-ACFL,0.7037943015983322,0.7214497604144583,0.7182091679135212,0.7214497604144583,0.662406083197559,0.9569412503151703,0.07162270988873648,0.436528710060435,27.809120178222656,12.967300415039062,22662,0.6,2
Async-Stale,0.8094510076441973,0.5349007883097265,0.5527716386686283,0.5349007883097265,0.49806036490921884,0.9516715741645135,0.10979970205552919,0.8044153717553171,19.79506206512451,13.831787109375,22662,0.6,4
AgriTrust-ACFL,0.8109242529534398,0.5554742509447389,0.689693455302593,0.5554742509447389,0.5211913728741617,0.9555707812026344,0.10900462617086272,0.6516752986242271,25.32553243637085,13.831787109375,22662,0.6,4
Async-Stale,0.5899930507296733,0.6527461188544379,0.6409288452604437,0.6527461188544379,0.5296448731956691,0.948806806608701,0.08176368396873447,1.2798314150179606,22.11146068572998,12.275711059570312,22662,0.6,6
AgriTrust-ACFL,0.5884920083391244,0.6430049302990483,0.5608665190332242,0.6430049302990483,0.5120416299189157,0.952352495212161,0.08200271629969924,1.3140289162239511,26.977455854415894,12.275711059570312,22662,0.6,6
