Method,Round,SelectedClients,MeanStaleness,ValMacroF1,MeanLocalLoss
FedAvg,1,10,0.0,0.2559030634702964,0.948450724879577
FedAvg,2,10,0.0,0.2572079267964911,0.7984148296647604
FedAvg,3,10,0.0,0.4130651749189407,0.8183142407618448
FedAvg,4,10,0.0,0.42742052009043724,0.8275680013152893
FedAvg,5,10,0.0,0.4314352987484631,0.8189228963020995
FedAvg,6,10,0.0,0.43285087919125736,0.8290835808097551
FedAvg,7,10,0.0,0.4332644764999616,0.7938295181231454
FedAvg,8,10,0.0,0.4335861572473219,0.8135879380810807
FedAvg,9,10,0.0,0.4337389084055805,0.8538921624928232
FedAvg,10,10,0.0,0.44546989136611614,0.8108704785383027
FedAvg,11,10,0.0,0.45322876889242014,0.8075728145203579
FedAvg,12,10,0.0,0.4533483831772494,0.7328286753023804
FedAvg,13,10,0.0,0.4572004130370242,0.7886118691688462
FedAvg,14,10,0.0,0.47044394813008966,0.7860569239307578
FedAvg,15,10,0.0,0.47358981879398,0.7370571322651736
FedAvg,16,10,0.0,0.5026331758363788,0.7762860178171389
FedAvg,17,10,0.0,0.48873313997033874,0.6975789004038566
FedAvg,18,10,0.0,0.5103000939094514,0.7490106043483743
FedAvg,19,10,0.0,0.5206641809551885,0.7374785338545661
FedAvg,20,10,0.0,0.5006773966406617,0.7259091848779903
FedAvg,21,10,0.0,0.518462462941009,0.7906742642053713
FedAvg,22,10,0.0,0.498756929883325,0.738792559221965
FedAvg,23,10,0.0,0.5099457985340402,0.7491849353257848
FedAvg,24,10,0.0,0.5093464201982422,0.7427936516888397
FedAvg,25,10,0.0,0.5229162601448046,0.7347206717962776
FedAvg,26,10,0.0,0.5278959784324767,0.6899263588061468
FedAvg,27,10,0.0,0.5466618894071569,0.633937075813235
FedAvg,28,10,0.0,0.5342729364208533,0.7269514643195376
FedAvg,29,10,0.0,0.5411598569160032,0.7041715434313838
FedAvg,30,10,0.0,0.5419474566695964,0.6634509295117773
FedAvg,31,10,0.0,0.5409011525670812,0.7322239172687364
FedAvg,32,10,0.0,0.5499808197285599,0.7413289346320693
FedAvg,33,10,0.0,0.5560409874115267,0.6941510921777467
FedAvg,34,10,0.0,0.5559787515544232,0.6666236055932945
FedAvg,35,10,0.0,0.5570878411257191,0.6843298959561877
FedAvg,36,10,0.0,0.5567971812333435,0.7063955149765132
FedAvg,37,10,0.0,0.5571063643851767,0.7200220513339233
FedAvg,38,10,0.0,0.560065311727941,0.7296022484100072
FedAvg,39,10,0.0,0.5657715132952298,0.6715495280528397
FedAvg,40,10,0.0,0.5632208493965426,0.6499322777047588
FedProx,1,10,0.0,0.25317956085822996,0.9409663939216701
FedProx,2,10,0.0,0.3643405681272694,0.7342412828606893
FedProx,3,10,0.0,0.4275846385135335,0.6554291187247152
FedProx,4,10,0.0,0.434638912723688,0.592697271784425
FedProx,5,10,0.0,0.4413169113612953,0.569285218175411
FedProx,6,10,0.0,0.4506004866982087,0.5425922795599916
FedProx,7,10,0.0,0.45411491815263916,0.5262722091430678
FedProx,8,10,0.0,0.47258895683307345,0.5220323930775894
FedProx,9,10,0.0,0.4933714107586023,0.4967438788501677
FedProx,10,10,0.0,0.5028330196355758,0.5001229941893209
FedProx,11,10,0.0,0.5286388518104704,0.4921860925458274
FedProx,12,10,0.0,0.5278072994228068,0.4839958700122332
FedProx,13,10,0.0,0.5148748598857086,0.4861965304404065
FedProx,14,10,0.0,0.5529764837840287,0.4926781738877951
FedProx,15,10,0.0,0.5633665872890324,0.4964333214192327
FedProx,16,10,0.0,0.5639467038991661,0.4651822700691529
FedProx,17,10,0.0,0.549793674229022,0.48458276457193944
FedProx,18,10,0.0,0.5622069223164393,0.5056361430482518
FedProx,19,10,0.0,0.5603157239333156,0.49425822407882763
FedProx,20,10,0.0,0.5572570515326335,0.5054792936748921
FedProx,21,10,0.0,0.5662534571405166,0.47708627350952365
FedProx,22,10,0.0,0.5655701650338144,0.4797116796512766
FedProx,23,10,0.0,0.5659082476557366,0.503089194850114
FedProx,24,10,0.0,0.5723377403839192,0.4902260219871006
FedProx,25,10,0.0,0.5705363230691451,0.44768266783786775
FedProx,26,10,0.0,0.572249781163745,0.4391868536350835
FedProx,27,10,0.0,0.5715270443798465,0.5051514510073353
FedProx,28,10,0.0,0.5814607908770147,0.4776416228362675
FedProx,29,10,0.0,0.5817828229664884,0.43177074485694134
FedProx,30,10,0.0,0.5805561310359889,0.44364557786790426
FedProx,31,10,0.0,0.5861713174943057,0.44807386705402186
FedProx,32,10,0.0,0.5907395065956625,0.43609240584889986
FedProx,33,10,0.0,0.5851794286379935,0.417739556059151
FedProx,34,10,0.0,0.5924861444383255,0.43772239037325306
FedProx,35,10,0.0,0.5999936421956166,0.44750885019603254
FedProx,36,10,0.0,0.6023306448069017,0.3972227081907752
FedProx,37,10,0.0,0.6034890862019545,0.4120437000139498
FedProx,38,10,0.0,0.6008487935764203,0.4138420355054541
FedProx,39,10,0.0,0.6014211881313308,0.4173744825754121
FedProx,40,10,0.0,0.6086390456092526,0.43453007387508197
Async-Stale,1,8,0.0,0.24399028293580757,0.8898635085292415
Async-Stale,2,8,0.875,0.41110830279394395,0.7958975763873777
Async-Stale,3,10,1.0,0.25581265737153286,1.0169696644534774
Async-Stale,4,7,0.42857142857142855,0.43503507512578204,0.7669734294631586
Async-Stale,5,9,1.5555555555555556,0.40940540738817727,0.6807486210535986
Async-Stale,6,7,1.1428571428571428,0.5102070240742475,0.7804387898292303
Async-Stale,7,7,1.2857142857142858,0.5076801442678142,0.48011615730705676
Async-Stale,8,9,1.1111111111111112,0.49798628657355976,0.7153316505953784
Async-Stale,9,8,1.0,0.5487479295336447,0.4769262187518933
Async-Stale,10,9,1.8888888888888888,0.5639639565261857,0.6415082131246255
Async-Stale,11,8,1.25,0.44350265935321126,0.49301793852437736
Async-Stale,12,9,0.7777777777777778,0.5811089142062872,0.5746361722400841
Async-Stale,13,7,1.0,0.4885578556849817,0.5356423589428863
Async-Stale,14,9,1.7777777777777777,0.5413099838452604,0.7335845235433334
Async-Stale,15,9,1.5555555555555556,0.6364578013792849,0.4260561582901385
Async-Stale,16,8,1.5,0.4867312233612111,0.49175918010055475
Async-Stale,17,8,0.75,0.5895600947102736,0.49077088835229327
Async-Stale,18,10,1.7,0.5751205603949062,0.4502524715944487
Async-Stale,19,7,1.4285714285714286,0.5710608898929009,0.32899481720348905
Async-Stale,20,9,1.1111111111111112,0.48133927825107364,0.41074422069438976
Async-Stale,21,8,1.0,0.5883427045263931,0.5400036417429885
Async-Stale,22,7,1.0,0.4815613567933621,0.7324721143420351
Async-Stale,23,7,1.0,0.5297479444503753,0.8176500428101062
Async-Stale,24,9,1.7777777777777777,0.5938268372157232,0.7868468683732801
Async-Stale,25,8,1.375,0.47871625489234276,0.2398156793826106
Async-Stale,26,9,1.0,0.570240504604481,0.8859608188496517
Async-Stale,27,10,1.2,0.4478300218232992,0.49077659166596277
Async-Stale,28,6,1.8333333333333333,0.5363583250621892,0.6293802223207084
Async-Stale,29,9,0.8888888888888888,0.485635697920273,0.84995418508014
Async-Stale,30,9,1.5555555555555556,0.45058631025152746,0.6794583601054024
Async-Stale,31,8,2.0,0.460454871582097,0.8955309177294556
Async-Stale,32,9,1.6666666666666667,0.5781131557413769,0.9161934128437834
Async-Stale,33,8,2.125,0.43875296660336915,0.9729101338368977
Async-Stale,34,6,1.6666666666666667,0.5919695971888068,0.9678041367877014
Async-Stale,35,10,1.3,0.5412538462316779,0.7782628295437402
Async-Stale,36,7,1.5714285714285714,0.49461465787931863,0.46774018967140635
Async-Stale,37,9,1.5555555555555556,0.5584194268141421,0.716482267778612
Async-Stale,38,8,1.625,0.5613288991807538,0.5899045050379534
Async-Stale,39,7,1.5714285714285714,0.634913781801258,0.5835397800101505
Async-Stale,40,10,1.1,0.5741516002465391,0.5139329535129243
CoordMedian,1,10,0.0,0.472151824769776,0.9351701166922577
CoordMedian,2,10,0.0,0.4784167583699439,0.7238406538608144
CoordMedian,3,10,0.0,0.5131398793562468,0.5808869699987892
CoordMedian,4,10,0.0,0.5523727709851511,0.4959051150433945
CoordMedian,5,10,0.0,0.5642985535827568,0.4422101131360792
CoordMedian,6,10,0.0,0.570839085537868,0.4107537681333837
CoordMedian,7,10,0.0,0.5814469996561118,0.389855926511924
CoordMedian,8,10,0.0,0.5956695889048136,0.3707309001842962
CoordMedian,9,10,0.0,0.6015284215351094,0.3534459532221239
CoordMedian,10,10,0.0,0.5983559311612605,0.3472125709239485
CoordMedian,11,10,0.0,0.6120794554995168,0.34103530075371224
CoordMedian,12,10,0.0,0.611570232588356,0.32615859066947994
CoordMedian,13,10,0.0,0.6211265928214781,0.330326053563417
CoordMedian,14,10,0.0,0.6180301560186156,0.31951671433555945
CoordMedian,15,10,0.0,0.6238910746771595,0.3124333570847149
CoordMedian,16,10,0.0,0.6264885489607849,0.3086415664783481
CoordMedian,17,10,0.0,0.6281407068632315,0.3164160198101257
CoordMedian,18,10,0.0,0.6290632934977122,0.30718782219176244
CoordMedian,19,10,0.0,0.6304393946225192,0.29700041636965424
CoordMedian,20,10,0.0,0.6298815922800657,0.29275910045773174
CoordMedian,21,10,0.0,0.6269363695069037,0.29264172791010434
CoordMedian,22,10,0.0,0.6307748653662019,0.2941961287900102
CoordMedian,23,10,0.0,0.6286886700901342,0.3022970150226131
CoordMedian,24,10,0.0,0.6203819497317536,0.2837512141442976
CoordMedian,25,10,0.0,0.644186197700101,0.30062657176951973
CoordMedian,26,10,0.0,0.643909656324555,0.2740752181247506
CoordMedian,27,10,0.0,0.6414795636150582,0.2857087110835038
CoordMedian,28,10,0.0,0.6440789840185888,0.2762103580803839
CoordMedian,29,10,0.0,0.6451017932287919,0.27872190735270913
CoordMedian,30,10,0.0,0.6458513641642122,0.2771238118371707
CoordMedian,31,10,0.0,0.643733040083481,0.27716482926011016
CoordMedian,32,10,0.0,0.6472127963173885,0.2733046244913518
CoordMedian,33,10,0.0,0.6485836460681973,0.2835061726068716
CoordMedian,34,10,0.0,0.6521803112610558,0.26757642454479424
CoordMedian,35,10,0.0,0.6482638956080533,0.2791878538313378
CoordMedian,36,10,0.0,0.6532187977751561,0.27367122803420485
CoordMedian,37,10,0.0,0.6511471346832792,0.2754616506468718
CoordMedian,38,10,0.0,0.6519062609074393,0.2744629939555552
CoordMedian,39,10,0.0,0.650683093040577,0.2777636335911013
CoordMedian,40,10,0.0,0.6516486530741814,0.27801913743606266
TrimmedMean,1,10,0.0,0.4626714734386223,0.9245080088585539
TrimmedMean,2,10,0.0,0.47637750950935387,0.6763855304160297
TrimmedMean,3,10,0.0,0.5396755524707851,0.5166526956136089
TrimmedMean,4,10,0.0,0.5319912947563182,0.43889564587183827
TrimmedMean,5,10,0.0,0.5660895655089655,0.39568383349567565
TrimmedMean,6,10,0.0,0.569342524979832,0.3679839407151903
TrimmedMean,7,10,0.0,0.5692727176524203,0.35317902488761044
TrimmedMean,8,10,0.0,0.5813098081385603,0.34007960306727597
TrimmedMean,9,10,0.0,0.6012535420890752,0.3333256203117462
TrimmedMean,10,10,0.0,0.5970406518786572,0.3242288816874497
TrimmedMean,11,10,0.0,0.5834753360126669,0.3090086417521737
TrimmedMean,12,10,0.0,0.5934531428086588,0.31589209304585686
TrimmedMean,13,10,0.0,0.5971688822163536,0.30728384702532174
TrimmedMean,14,10,0.0,0.6038476350158991,0.29653102935998454
TrimmedMean,15,10,0.0,0.6024933145977119,0.29855871633744224
TrimmedMean,16,10,0.0,0.6128929406942122,0.30303892754321965
TrimmedMean,17,10,0.0,0.6028179526577534,0.29263802266169947
TrimmedMean,18,10,0.0,0.6173858368363633,0.2826537250751294
TrimmedMean,19,10,0.0,0.6268575578922942,0.2855600013861962
TrimmedMean,20,10,0.0,0.6213926997692438,0.27970803796161137
TrimmedMean,21,10,0.0,0.6373954183841718,0.28431037655857644
TrimmedMean,22,10,0.0,0.6389861031916214,0.2818711664962454
TrimmedMean,23,10,0.0,0.6376440417861072,0.2715487643492328
TrimmedMean,24,10,0.0,0.6424365208669235,0.28094457737364065
TrimmedMean,25,10,0.0,0.643200849401825,0.26320419157930025
TrimmedMean,26,10,0.0,0.6474114920336894,0.2664717353797544
TrimmedMean,27,10,0.0,0.6428258184262777,0.2674892407623947
TrimmedMean,28,10,0.0,0.6404504028141307,0.2695203717816706
TrimmedMean,29,10,0.0,0.6441926119274425,0.26693221371026954
TrimmedMean,30,10,0.0,0.6437667845859367,0.255034989484654
TrimmedMean,31,10,0.0,0.6453847116819426,0.2589398021298135
TrimmedMean,32,10,0.0,0.646244086136218,0.26603107970059636
TrimmedMean,33,10,0.0,0.6482696848129169,0.2523441505966927
TrimmedMean,34,10,0.0,0.6470274558793053,0.26274788980698033
TrimmedMean,35,10,0.0,0.6508435707024057,0.25727098655282077
TrimmedMean,36,10,0.0,0.6429201048578542,0.25840921385307236
TrimmedMean,37,10,0.0,0.6489961209427628,0.2613731105017342
TrimmedMean,38,10,0.0,0.645813117545965,0.2723536267946941
TrimmedMean,39,10,0.0,0.6457751583425448,0.2628141923945492
TrimmedMean,40,10,0.0,0.6461096645803527,0.25942930953318366
MultiKrum,1,10,0.0,0.32585514892593587,0.9115127721822572
MultiKrum,2,10,0.0,0.3882141888607895,0.7657739237127817
MultiKrum,3,10,0.0,0.4050221086751767,0.6877477668322459
MultiKrum,4,10,0.0,0.4517659598084327,0.6630022255186658
MultiKrum,5,10,0.0,0.45855354936038545,0.6799003484598631
MultiKrum,6,10,0.0,0.46841006835769256,0.6848457897658616
MultiKrum,7,10,0.0,0.4860734211136503,0.7020514425515797
MultiKrum,8,10,0.0,0.49744715318827265,0.717291138489291
MultiKrum,9,10,0.0,0.504817221925716,0.720768519524954
MultiKrum,10,10,0.0,0.5066611699649722,0.713315908223978
MultiKrum,11,10,0.0,0.5165500185529094,0.6828916545101031
MultiKrum,12,10,0.0,0.5188374098015852,0.6684076578856533
MultiKrum,13,10,0.0,0.5191051337831482,0.6698246880436471
MultiKrum,14,10,0.0,0.5233590985393921,0.6624969382511542
MultiKrum,15,10,0.0,0.5309659126330982,0.6620764207524259
MultiKrum,16,10,0.0,0.5242771093369051,0.6591776029883993
MultiKrum,17,10,0.0,0.5284194874048768,0.5975966083883901
MultiKrum,18,10,0.0,0.5293676751013343,0.615813079119126
MultiKrum,19,10,0.0,0.5283734393127894,0.5952519154340628
MultiKrum,20,10,0.0,0.5300366539663313,0.5972692551778318
MultiKrum,21,10,0.0,0.53336076916984,0.5850447590439506
MultiKrum,22,10,0.0,0.532366817553235,0.5901907586307475
MultiKrum,23,10,0.0,0.5298198697307602,0.5593347861728685
MultiKrum,24,10,0.0,0.5284935542564658,0.5675318822860833
MultiKrum,25,10,0.0,0.5273629705860698,0.6176546199363635
MultiKrum,26,10,0.0,0.5286761173291906,0.5341241174352588
MultiKrum,27,10,0.0,0.5330340304737552,0.5533013717426493
MultiKrum,28,10,0.0,0.5312162227652505,0.5592186254946204
MultiKrum,29,10,0.0,0.5318481067032365,0.5312099152249646
MultiKrum,30,10,0.0,0.5307527168466802,0.5448538615899926
MultiKrum,31,10,0.0,0.5318846771950385,0.5650017162945916
MultiKrum,32,10,0.0,0.5341914720053914,0.5390602806938998
MultiKrum,33,10,0.0,0.5360913373302657,0.565828693581545
MultiKrum,34,10,0.0,0.5340651933400592,0.5506891968597918
MultiKrum,35,10,0.0,0.5371069061462154,0.5604344374543813
MultiKrum,36,10,0.0,0.5391417071231687,0.5327395955342108
MultiKrum,37,10,0.0,0.5372239453408499,0.5400108341658215
MultiKrum,38,10,0.0,0.5416176064553616,0.5193902278583342
MultiKrum,39,10,0.0,0.5408712762132476,0.4785629826457886
MultiKrum,40,10,0.0,0.5395126761304467,0.5393085555936291
RawTrust,1,8,0.0,0.25719125339678983,0.8608347999508894
RawTrust,2,8,0.375,0.2544924595215205,0.8915703466807421
RawTrust,3,10,1.2,0.25508857295550746,0.8519244269272587
RawTrust,4,8,1.375,0.3143567142638,0.9870279661722887
RawTrust,5,10,1.2,0.40634933206845786,0.8964359403712805
RawTrust,6,10,1.3,0.4239313723990097,0.8165171450548062
RawTrust,7,8,0.875,0.32009861034992665,0.8576045254043092
RawTrust,8,8,2.0,0.4276552858278572,0.6521781793182835
RawTrust,9,5,1.2,0.4544721303410051,0.816685744527466
RawTrust,10,7,0.5714285714285714,0.5431364888951804,0.8234743839392136
RawTrust,11,8,1.375,0.5167103423869424,0.41910771937124364
RawTrust,12,8,1.75,0.5173440060885536,0.36502255006813267
RawTrust,13,9,1.4444444444444444,0.5412679739786439,0.2772870705987981
RawTrust,14,9,1.0,0.5424931116937366,0.5005193701461323
RawTrust,15,8,0.625,0.5297487626654659,0.2677376425170994
RawTrust,16,7,0.5714285714285714,0.433184323174389,0.5351907915939844
RawTrust,17,7,2.2857142857142856,0.5295995483633639,0.3578984668149043
RawTrust,18,10,1.2,0.5260577048178627,0.5444051279944191
RawTrust,19,9,0.8888888888888888,0.6161732459013328,0.6230272004416819
RawTrust,20,7,2.0,0.631096095294427,0.5679516944676718
RawTrust,21,8,1.0,0.4806825942792186,0.356970623746372
RawTrust,22,7,0.42857142857142855,0.4516481353822595,0.4324493190205705
RawTrust,23,10,1.6,0.5685620903327,0.5431715662061357
RawTrust,24,7,1.0,0.5630127474702464,0.561745763240249
RawTrust,25,9,1.2222222222222223,0.6377236027001947,0.4959198924349657
RawTrust,26,7,1.5714285714285714,0.5639616047970106,0.4572324742086951
RawTrust,27,9,1.4444444444444444,0.554026632453709,0.5302572933713132
RawTrust,28,8,2.0,0.5829350610590471,0.3700404749757237
RawTrust,29,6,0.6666666666666666,0.47204751750737234,0.4781697031865931
RawTrust,30,8,1.375,0.5733311482897265,0.5202145342399636
RawTrust,31,7,1.8571428571428572,0.5750994216450338,0.3429054675537878
RawTrust,32,7,1.0,0.5394621175718506,0.4359222486599041
RawTrust,33,9,1.1111111111111112,0.5816015320248226,0.5707953415197705
RawTrust,34,7,0.5714285714285714,0.5987855895446985,0.5992539704854317
RawTrust,35,9,1.3333333333333333,0.5852730317043194,0.43490764209091043
RawTrust,36,10,0.9,0.5893134387456199,0.375086705292604
RawTrust,37,10,1.3,0.5898247643106426,0.44338519679819327
RawTrust,38,9,1.1111111111111112,0.6351213083183457,0.454732622522111
RawTrust,39,9,1.1111111111111112,0.5520063278694687,0.44373227985883773
RawTrust,40,9,1.1111111111111112,0.5999042730643045,0.2513415504011329
AgriTrust-ACFL,1,8,0.0,0.2377078214282273,0.9294166760862956
AgriTrust-ACFL,2,9,1.0,0.4566727799461825,1.0223581125676264
AgriTrust-ACFL,3,9,0.8888888888888888,0.428201788780368,0.9634737535058707
AgriTrust-ACFL,4,8,1.125,0.37558454339013786,0.7533852077210323
AgriTrust-ACFL,5,10,1.0,0.4121938649186567,0.672635074651909
AgriTrust-ACFL,6,9,0.7777777777777778,0.4258340876487717,0.5423620005623341
AgriTrust-ACFL,7,8,1.375,0.5469442045587777,0.5659447092785277
AgriTrust-ACFL,8,10,1.3,0.5005183331278672,0.5880971035457122
AgriTrust-ACFL,9,6,0.8333333333333334,0.4310674102902865,0.4758004789362844
AgriTrust-ACFL,10,8,1.5,0.4811883154711354,0.4007382827538475
AgriTrust-ACFL,11,5,1.2,0.4134062547806942,0.6130118839355807
AgriTrust-ACFL,12,5,2.0,0.6418027020184971,0.6502347606991075
AgriTrust-ACFL,13,9,0.8888888888888888,0.579065580006496,0.3151629359312235
AgriTrust-ACFL,14,8,1.125,0.6382948564793017,0.3631887967942442
AgriTrust-ACFL,15,6,0.8333333333333334,0.5790782131240483,0.45769932990907153
AgriTrust-ACFL,16,9,1.7777777777777777,0.4918685737640856,0.344088212221604
AgriTrust-ACFL,17,7,1.0,0.6111058755805755,0.21066187388507493
AgriTrust-ACFL,18,8,2.0,0.46753780456325056,0.43842440825616724
AgriTrust-ACFL,19,8,1.625,0.5573090212919779,0.4274661205339213
AgriTrust-ACFL,20,9,1.5555555555555556,0.5227135484012265,0.5057394776335168
AgriTrust-ACFL,21,7,2.2857142857142856,0.5210149387695663,0.5538480880081152
AgriTrust-ACFL,22,9,1.0,0.6653311584038056,0.3883803207846376
AgriTrust-ACFL,23,8,2.375,0.5100222858254866,0.5465860832808878
AgriTrust-ACFL,24,8,1.25,0.5945917952478348,0.7319178905418943
AgriTrust-ACFL,25,9,0.5555555555555556,0.6029716778402334,0.342579244421335
AgriTrust-ACFL,26,8,1.5,0.5731881415635011,0.3103553382609109
AgriTrust-ACFL,27,9,1.3333333333333333,0.5129266389605878,0.3737055798585988
AgriTrust-ACFL,28,9,2.4444444444444446,0.6346670960597919,0.32102952822431835
AgriTrust-ACFL,29,9,1.3333333333333333,0.4881751304970148,0.3360423198217211
AgriTrust-ACFL,30,9,1.3333333333333333,0.523873994133219,0.43429153502745543
AgriTrust-ACFL,31,8,1.375,0.5793121557786873,0.30534445945298383
AgriTrust-ACFL,32,7,1.2857142857142858,0.5797882868491222,0.6167013888424684
AgriTrust-ACFL,33,9,1.5555555555555556,0.5968844390301264,0.3637297895161922
AgriTrust-ACFL,34,9,1.5555555555555556,0.5211852173317386,0.31534938743844504
AgriTrust-ACFL,35,10,0.4,0.5239073190479614,0.3867970112063511
AgriTrust-ACFL,36,8,1.125,0.5872193103704387,0.58688508679554
AgriTrust-ACFL,37,9,1.5555555555555556,0.6766531266749901,0.32504785228110045
AgriTrust-ACFL,38,7,1.1428571428571428,0.5323054657865944,0.3092781185456276
AgriTrust-ACFL,39,9,1.1111111111111112,0.6227595059596426,0.3683497339320807
AgriTrust-ACFL,40,7,0.8571428571428571,0.6153704885949118,0.4685116809181828
