Method,Accuracy,BalancedAccuracy,MacroPrecision,MacroRecall,MacroF1,MacroAUROC,MacroFPR,LogLoss,TrainSeconds,CommMB,Parameters,MaxConsecutiveBenignQuarantine,ProbationAdmitsMalicious,Seed,Scenario,MeanTrustMalicious,MeanTrustBenign,BenignFalseQuarantine,MaliciousQuarantineRecall
A0 Staleness-weighted only,0.8081167477414871,0.5000768823593241,0.7281199098646224,0.5000768823593241,0.4394161466475368,0.956408612539474,0.10999015716566347,0.6937101316362587,23.02535891532898,,22662,0,0,8800,clean,,1.0,0.0,
A1 +Direction,0.8087838776928422,0.5042841853843759,0.7129556138105292,0.5042841853843759,0.4472524144987268,0.956707758416119,0.10954253658331205,0.637585476697079,21.713295698165894,,22662,0,0,8800,clean,,0.7701847995967993,0.0,
A2 +Norm,0.8084225156358582,0.5033127623938525,0.7279307364591322,0.5033127623938525,0.44543502612974945,0.956426753910236,0.10975258870127465,0.6824954051364548,22.439637184143066,,22662,0,0,8800,clean,,0.6673179543718235,0.0,
A3 +Reliability+History,0.8089228630993746,0.5056355306596263,0.7043205510100137,0.5056355306596263,0.44974218769442537,0.9571569801032084,0.10944458786783946,0.5997576641956365,22.66138195991516,,22662,0,0,8800,clean,,0.7875592140476415,0.0,
A4 +Clipping,0.8089228630993746,0.5056355306596263,0.7043205510100137,0.5056355306596263,0.44974218769442537,0.9571569832893031,0.10944458786783946,0.5997576740383723,21.925272941589355,,22662,0,0,8800,clean,,0.7875592131976652,0.0,
A5 +Similarity (duplicate-aware consensus),0.8089228630993746,0.5056355306596263,0.7043205510100137,0.5056355306596263,0.44974218769442537,0.9571569832893031,0.10944458786783946,0.5997576740383723,22.728847980499268,,22662,0,0,8800,clean,,0.7875592131976652,0.0,
A6 +Gate (no probation),0.8095343988881167,0.5133388590392614,0.7102983483430693,0.5133388590392614,0.4636219200512485,0.957079135567776,0.10917948625826802,0.5840942660792179,21.876678228378296,,22662,2,0,8800,clean,,0.7865238247665154,0.03125,
"A7 +Probation (full AgriTrust, symmetric memory)",0.8095343988881167,0.5133388590392614,0.7102983483430693,0.5133388590392614,0.4636219200512485,0.957079135567776,0.10917948625826802,0.5840942660792179,22.94297480583191,,22662,2,0,8800,clean,,0.7865238247665154,0.03125,
"A8 Full AgriTrust, asymmetric memory",0.8101737317581654,0.5134428766311203,0.7094241526381485,0.5134428766311203,0.46376800403991475,0.9575243783804437,0.1087368513400865,0.5595822135171695,22.795411348342896,,22662,1,0,8800,clean,,0.6602622027435762,0.015625,
A0 Staleness-weighted only,0.10560111188325226,0.25775813045904833,0.029097775559706968,0.25775813045904833,0.04806655621976541,0.548410920492847,0.1695214920894129,13.123913487625668,18.644625425338745,,22662,0,0,8801,sign_flip@0.3,1.0,1.0,0.0,
A1 +Direction,0.16291869353717858,0.3122267263725875,0.04133745788536374,0.3122267263725875,0.07097625213491744,0.5524401289558039,0.16376400200779032,12.11299875056749,18.68610382080078,,22662,0,0,8801,sign_flip@0.3,0.7413299142820842,0.8116841517754343,0.0,
A2 +Norm,0.38237665045170255,0.35654615260190875,0.2171595275068209,0.35654615260190875,0.16080118589061898,0.6541626984656932,0.11900387547935838,4.96835473327687,19.469396591186523,,22662,0,0,8801,sign_flip@0.3,0.5893904001628484,0.7371810941962882,0.0,
A3 +Reliability+History,0.13653926337734537,0.2811161412395618,0.03478262132702567,0.2811161412395618,0.05921071745682082,0.5926266654977526,0.16738330090094142,11.092474547097828,18.16086769104004,,22662,0,0,8801,sign_flip@0.3,0.7533330329794953,0.83947366405134,0.0,
A4 +Clipping,0.732314107018763,0.5673827096003561,0.42561841924785854,0.5673827096003561,0.45336181906784995,0.9481449145262469,0.07696129252514046,0.5149126833402036,18.872459650039673,,22662,0,0,8801,sign_flip@0.3,0.7521133774305087,0.8370811453507307,0.0,
A5 +Similarity (duplicate-aware consensus),0.732314107018763,0.5673827096003561,0.42561841924785854,0.5673827096003561,0.45336181906784995,0.9481449145262469,0.07696129252514046,0.5149126833402036,19.499951601028442,,22662,0,0,8801,sign_flip@0.3,0.7521133774305087,0.8370811453507307,0.0,
A6 +Gate (no probation),0.7628908964558722,0.542570045575752,0.420843847578039,0.542570045575752,0.44572198170726857,0.946936279318651,0.08857207365614828,0.45151536360428907,18.00661587715149,,22662,0,0,8801,sign_flip@0.3,0.7521133774305087,0.8370811453507307,0.0,0.05555555555555555
"A7 +Probation (full AgriTrust, symmetric memory)",0.7628908964558722,0.542570045575752,0.420843847578039,0.542570045575752,0.44572198170726857,0.946936279318651,0.08857207365614828,0.45151536360428907,18.31506872177124,,22662,0,0,8801,sign_flip@0.3,0.7521133774305087,0.8370811453507307,0.0,0.05555555555555555
"A8 Full AgriTrust, asymmetric memory",0.7729534398888117,0.5580794897304635,0.4301988103044849,0.5580794897304635,0.4574455820601646,0.9530751224210064,0.0792274667043379,0.4618968758304074,19.572872638702393,,22662,0,0,8801,sign_flip@0.3,0.5957923854821794,0.7249185843371708,0.0,0.05555555555555555
A0 Staleness-weighted only,0.7312022237665046,0.18158313444709626,0.2125672277012706,0.18158313444709626,0.16648402977357185,0.8256020984131359,0.1646053122494126,4.210278044309049,19.347273111343384,,22662,0,0,8802,model_replace@0.3,1.0,1.0,0.0,
A1 +Direction,0.7354829742876998,0.21221161495624505,0.21901325921513304,0.21221161495624505,0.20326794080523794,0.8544322264315888,0.16067374070911145,4.147058374440172,19.449145078659058,,22662,0,0,8802,model_replace@0.3,0.7966420237966441,0.8486073018560866,0.0,
A2 +Norm,0.7300069492703266,0.17303102625298328,0.16529691320566,0.17303102625298328,0.15193478849535635,0.7622945087653847,0.16499466752921918,4.252332049550361,19.81811261177063,,22662,0,0,8802,model_replace@0.3,0.6254717887633978,0.7575807282319109,0.0,
A3 +Reliability+History,0.7362334954829743,0.2175815433571997,0.22454234775989804,0.2175815433571997,0.20934477170285404,0.8523924963384729,0.16026140323883295,4.098819035899896,19.34909224510193,,22662,0,0,8802,model_replace@0.3,0.7571791960666343,0.8566649117299014,0.0,
A4 +Clipping,0.7988047255038221,0.4919410535877073,0.6709535259568239,0.4919410535877073,0.41931895085207693,0.8710915679648941,0.11019707988009242,1.1886426159341585,20.45376229286194,,22662,0,0,8802,model_replace@0.3,0.7385270407109158,0.8563543408112594,0.0,
A5 +Similarity (duplicate-aware consensus),0.7988047255038221,0.4919410535877073,0.6709535259568239,0.4919410535877073,0.41931895085207693,0.8710915679648941,0.11019707988009242,1.1886426159341585,18.924102306365967,,22662,0,0,8802,model_replace@0.3,0.7385270407109158,0.8563543408112594,0.0,
A6 +Gate (no probation),0.8339124391938847,0.6550117713029221,0.7600139432119882,0.6550117713029221,0.6313041996608867,0.9580054249778808,0.0907499016378474,0.35509262446720147,20.672988414764404,,22662,0,0,8802,model_replace@0.3,0.7325568687909505,0.8585952725282132,0.0,0.17647058823529413
"A7 +Probation (full AgriTrust, symmetric memory)",0.8339124391938847,0.6550117713029221,0.7600139432119882,0.6550117713029221,0.6313041996608867,0.9580054249778808,0.0907499016378474,0.35509262446720147,19.21729350090027,,22662,0,0,8802,model_replace@0.3,0.7325568687909505,0.8585952725282132,0.0,0.17647058823529413
"A8 Full AgriTrust, asymmetric memory",0.7927727588603196,0.40256746185943076,0.39662531594635536,0.40256746185943076,0.3963796687692526,0.9233099598630367,0.12402827732298115,1.889916289517547,19.573882579803467,,22662,0,1,8802,model_replace@0.3,0.48456734176409266,0.7314395827914202,0.0,0.35294117647058826
A0 Staleness-weighted only,0.8180681028492008,0.5792218898386966,0.7565484722457709,0.5792218898386966,0.5658974269669689,0.9561066096959342,0.08307411263372952,0.3934143172511309,21.64796209335327,,22662,0,0,8803,collusive_scale@0.3,1.0,1.0,0.0,
A1 +Direction,0.7940236275191105,0.6263352476719115,0.7287107853740022,0.6263352476719115,0.6246816409455134,0.9551743743356846,0.07746935320392688,0.38924170070894404,21.1180579662323,,22662,0,0,8803,collusive_scale@0.3,0.840697571671227,0.7794022820155659,0.0,
A2 +Norm,0.8256011118832522,0.5949016930346759,0.8047365144373756,0.5949016930346759,0.5962825631671889,0.9553531125254682,0.09902721913077704,0.36969590486335235,20.91935920715332,,22662,0,0,8803,collusive_scale@0.3,0.6352437910682727,0.6990874160808912,0.0,
A3 +Reliability+History,0.7925225851285616,0.6031166394004629,0.7183068231988855,0.6031166394004629,0.5860230973983344,0.9565325643559773,0.07615301265761269,0.38950008240204026,21.41568398475647,,22662,0,0,8803,collusive_scale@0.3,0.7517064426476562,0.8116445658476446,0.0,
A4 +Clipping,0.828047255038221,0.619708053473222,0.7835224407650575,0.619708053473222,0.6331708594981266,0.9584446332926394,0.08711523507902523,0.36009572139830603,20.879453659057617,,22662,0,0,8803,collusive_scale@0.3,0.7472551745574203,0.7918813847777504,0.0,
A5 +Similarity (duplicate-aware consensus),0.8079499652536484,0.49700684022178415,0.39583116612284946,0.49700684022178415,0.4349182534654026,0.9555181456756648,0.1103149099895764,0.8589465536206549,21.351351976394653,,22662,0,0,8803,collusive_scale@0.3,0.4103965377807617,0.8224557653698323,0.0,
A6 +Gate (no probation),0.8072550382209868,0.4946066071541151,0.39637199582981286,0.4946066071541151,0.4343077523084182,0.9373120402376593,0.11090315253048028,1.562443750898871,20.72036385536194,,22662,0,0,8803,collusive_scale@0.3,0.4103965377807617,0.8188880243028068,0.0,0.85
"A7 +Probation (full AgriTrust, symmetric memory)",0.8074774148714385,0.4954962635436559,0.39638027327815245,0.4954962635436559,0.4346644798673615,0.9398711700203402,0.11074161132889986,1.434879892573156,21.355130910873413,,22662,0,3,8803,collusive_scale@0.3,0.4103965377807617,0.818562829970182,0.0,0.7
"A8 Full AgriTrust, asymmetric memory",0.807449617790132,0.49529737730658346,0.396449903093037,0.49529737730658346,0.4346699267708691,0.9391639674836091,0.11078343301619943,1.4518064057791304,20.85722017288208,,22662,0,4,8803,collusive_scale@0.3,0.11895592246953124,0.696151444155674,0.0,0.8
A0 Staleness-weighted only,0.8336622654621265,0.5966652082929925,0.8385294430767966,0.5966652082929925,0.576714877031541,0.9583798712865473,0.09386791106955673,0.3573809376354877,20.60550355911255,,22662,0,0,8804,adaptive_slow_drift@0.3,1.0,1.0,0.0,
A1 +Direction,0.83363446838082,0.5991985190170045,0.8282454506655448,0.5991985190170045,0.5826623030453457,0.9584797239441931,0.09269090812547277,0.35488006864765137,19.812108755111694,,22662,0,0,8804,adaptive_slow_drift@0.3,0.982012086816025,0.758892535140064,0.0,
A2 +Norm,0.8341904100069493,0.6019189618033768,0.8255861490277024,0.6019189618033768,0.5851282739171875,0.958566550360707,0.09216444288873699,0.3553730105336834,19.884369611740112,,22662,0,0,8804,adaptive_slow_drift@0.3,0.9040072447482959,0.6220406697774112,0.0,
A3 +Reliability+History,0.8343015983321751,0.6039445690005499,0.8248069516280215,0.6039445690005499,0.5868187707655177,0.9586026853236654,0.09206215699495612,0.3549478877515867,20.504191398620605,,22662,0,0,8804,adaptive_slow_drift@0.3,0.9262926014027874,0.7775774429884595,0.0,
A4 +Clipping,0.8343015983321751,0.6039445690005499,0.8248069516280215,0.6039445690005499,0.5868187707655177,0.9586026886310713,0.09206215699495612,0.3549478892337748,19.926121711730957,,22662,0,0,8804,adaptive_slow_drift@0.3,0.9262926055360946,0.77757744553765,0.0,
A5 +Similarity (duplicate-aware consensus),0.8323835997220291,0.6007398663140618,0.6655429600105739,0.6007398663140618,0.5768416419832273,0.9584807384921898,0.09468778958037012,0.35804652053071084,20.86534309387207,,22662,0,0,8804,adaptive_slow_drift@0.3,0.5393801877209781,0.7795760993897527,0.0,
A6 +Gate (no probation),0.832189020152884,0.6097032821169913,0.6612478795870167,0.6097032821169913,0.5800339387069605,0.9583675337891621,0.09502535243244754,0.36267090769268084,19.693079710006714,,22662,1,0,8804,adaptive_slow_drift@0.3,0.5409194810842299,0.7765811873574905,0.022727272727272728,0.5625
"A7 +Probation (full AgriTrust, symmetric memory)",0.8312161223071578,0.6017593551872338,0.6684739898664634,0.6017593551872338,0.5753949690801538,0.9583053167816895,0.09582136807699648,0.36711163177272543,20.792877912521362,,22662,1,2,8804,adaptive_slow_drift@0.3,0.5409194810842299,0.7765839510056094,0.022727272727272728,0.4375
"A8 Full AgriTrust, asymmetric memory",0.8317998610145935,0.609081768554098,0.6644960097267494,0.609081768554098,0.5801050609872983,0.9583165804258638,0.09536005801736859,0.3662956842331813,19.799596071243286,,22662,1,2,8804,adaptive_slow_drift@0.3,0.19881701536651072,0.6330181932432074,0.022727272727272728,0.75
A0 Staleness-weighted only,0.8297150799166088,0.598782244112007,0.6825094202158866,0.598782244112007,0.5739966703821818,0.9583085058196775,0.09734831234329815,0.4049150764712986,19.60579538345337,,22662,0,0,9800,clean,,1.0,0.0,
A1 +Direction,0.8297150799166088,0.5987774621591593,0.6826721243585646,0.5987774621591593,0.5741730985995868,0.9580183630202567,0.097240732863467,0.4040090606263189,19.188276529312134,,22662,0,0,9800,clean,,0.7835694647812153,0.0,
A2 +Norm,0.8247949965253648,0.5931231337354844,0.683245492905698,0.5931231337354844,0.5653600406314293,0.9576833543303643,0.10040867377561219,0.42070326654249895,19.257508516311646,,22662,0,0,9800,clean,,0.6656498856976982,0.0,
A3 +Reliability+History,0.8306601806810285,0.6074515720176451,0.6677257805542842,0.6074515720176451,0.5770628290814468,0.9583878067667945,0.09644303561811705,0.38320321358191367,20.179532051086426,,22662,0,0,9800,clean,,0.7986344850338862,0.0,
A4 +Clipping,0.8306601806810285,0.6074515720176451,0.6677257805542842,0.6074515720176451,0.5770628290814468,0.9583878103702914,0.09644303561811705,0.3832032136313522,18.672456741333008,,22662,0,0,9800,clean,,0.7986344851214726,0.0,
A5 +Similarity (duplicate-aware consensus),0.8306601806810285,0.6074515720176451,0.6677257805542842,0.6074515720176451,0.5770628290814468,0.9583878103702914,0.09644303561811705,0.3832032136313522,19.60062885284424,,22662,0,0,9800,clean,,0.7986344851214726,0.0,
A6 +Gate (no probation),0.8306601806810285,0.6074515720176451,0.6677257805542842,0.6074515720176451,0.5770628290814468,0.9583878103702914,0.09644303561811705,0.3832032136313522,20.181933641433716,,22662,0,0,9800,clean,,0.7986344851214726,0.0,
"A7 +Probation (full AgriTrust, symmetric memory)",0.8306601806810285,0.6074515720176451,0.6677257805542842,0.6074515720176451,0.5770628290814468,0.9583878103702914,0.09644303561811705,0.3832032136313522,18.908806085586548,,22662,0,0,9800,clean,,0.7986344851214726,0.0,
"A8 Full AgriTrust, asymmetric memory",0.8309381514940931,0.6097629101745148,0.6625418378220534,0.6097629101745148,0.5778916963637583,0.9585298097994203,0.09606063727721521,0.37468371344921325,19.94907236099243,,22662,0,0,9800,clean,,0.6623641256411328,0.0,
A0 Staleness-weighted only,0.6266018068102849,0.3016869313771966,0.1467885138587263,0.3016869313771966,0.16450256462380594,0.5852690230427448,0.13982675080924778,5.888018038562228,19.814053058624268,,22662,0,0,9801,sign_flip@0.3,1.0,1.0,0.0,
A1 +Direction,0.6342460041695622,0.30497455196382534,0.14792356891293043,0.30497455196382534,0.1667162981816344,0.5741229477180357,0.13832458166788994,5.795421647198736,20.74976634979248,,22662,0,0,9801,sign_flip@0.3,0.7280878437378927,0.7898718202956544,0.0,
A2 +Norm,0.6428075052119527,0.3077017273607106,0.14902298417838575,0.3077017273607106,0.1691991811756949,0.6505109833735563,0.13738273045994331,5.485284954571074,19.813462495803833,,22662,0,0,9801,sign_flip@0.3,0.5638939402164047,0.7069790447721672,0.0,
A3 +Reliability+History,0.6370257123002084,0.30560995671665286,0.14826877757635942,0.30560995671665286,0.16745872082614457,0.6174680179554995,0.1379120451185725,5.727379025355931,20.23720145225525,,22662,0,0,9801,sign_flip@0.3,0.7239162093892944,0.8045760518272114,0.0,
A4 +Clipping,0.8075886031966644,0.49658738355819665,0.3946315976733778,0.49658738355819665,0.43367817950485493,0.8818342651694272,0.11029005723493164,2.7782195064293824,20.65287733078003,,22662,0,0,9801,sign_flip@0.3,0.7326298321830997,0.7974109346343603,0.0,
A5 +Similarity (duplicate-aware consensus),0.8075886031966644,0.49658738355819665,0.3946315976733778,0.49658738355819665,0.43367817950485493,0.8818342651694272,0.11029005723493164,2.7782195064293824,19.859886407852173,,22662,0,0,9801,sign_flip@0.3,0.7326298321830997,0.7974109346343603,0.0,
A6 +Gate (no probation),0.8082001389854065,0.4978677617403808,0.56190422015591,0.4978677617403808,0.4349951576311713,0.9550697050654038,0.1100251979515483,0.7064591014249123,21.060162782669067,,22662,0,0,9801,sign_flip@0.3,0.7319899871511025,0.7955596248532704,0.0,0.14285714285714285
"A7 +Probation (full AgriTrust, symmetric memory)",0.8082001389854065,0.4978677617403808,0.56190422015591,0.4978677617403808,0.4349951576311713,0.9550697050654038,0.1100251979515483,0.7064591014249123,20.086479425430298,,22662,0,0,9801,sign_flip@0.3,0.7319899871511025,0.7955596248532704,0.0,0.14285714285714285
"A8 Full AgriTrust, asymmetric memory",0.8080611535788742,0.4976785482316677,0.39497995321472473,0.4976785482316677,0.43452992953427333,0.9524456437456655,0.11006127409122994,1.1649304898363997,21.592851877212524,,22662,0,1,9801,sign_flip@0.3,0.5803841119398628,0.6641308842200888,0.0,0.14285714285714285
A0 Staleness-weighted only,0.6058373870743572,0.5632495993916913,0.5379060970913964,0.5632495993916913,0.5072469858935044,0.7973369952460007,0.09128219714581233,1.5558230877872967,23.56187343597412,,22662,0,0,9802,model_replace@0.3,1.0,1.0,0.0,
A1 +Direction,0.591049339819319,0.5366153633742711,0.5363299903025207,0.5366153633742711,0.49294028408045154,0.8159930637421792,0.09103041684206614,1.8211509172791034,22.91734004020691,,22662,0,0,9802,model_replace@0.3,0.7799353109512456,0.8209241972091549,0.0,
A2 +Norm,0.5970813064628214,0.5711351200547962,0.6720099884511979,0.5711351200547962,0.4539725159454713,0.8465353859482,0.08858224117764263,1.2159225768133188,23.7918643951416,,22662,0,0,9802,model_replace@0.3,0.6007218213659432,0.7463604347754735,0.0,
A3 +Reliability+History,0.613815149409312,0.575014417233493,0.6973398562963684,0.575014417233493,0.5081765133854125,0.8521726225989069,0.09229773835444216,0.9805637478709157,23.28537344932556,,22662,0,0,9802,model_replace@0.3,0.7434041984956323,0.8412472425782807,0.0,
A4 +Clipping,0.7122446143154969,0.6788397788238217,0.7141666384703586,0.6788397788238217,0.597563741758952,0.9566916282801851,0.07195611663457473,0.4378947172130962,23.123367071151733,,22662,0,0,9802,model_replace@0.3,0.7248102030592692,0.8519562914323708,0.0,
A5 +Similarity (duplicate-aware consensus),0.7122446143154969,0.6788397788238217,0.7141666384703586,0.6788397788238217,0.597563741758952,0.9566916282801851,0.07195611663457473,0.4378947172130962,23.456209182739258,,22662,0,0,9802,model_replace@0.3,0.7248102030592692,0.8519562914323708,0.0,
A6 +Gate (no probation),0.8310215427380125,0.6064967375625009,0.6577451785634952,0.6064967375625009,0.5753154343452807,0.958422937389083,0.09572666279495136,0.36798089777243376,23.07888650894165,,22662,0,0,9802,model_replace@0.3,0.7147991564323108,0.845357440949241,0.0,0.21739130434782608
"A7 +Probation (full AgriTrust, symmetric memory)",0.830993745656706,0.6092311448828608,0.6541375065517314,0.6092311448828608,0.5752645254646676,0.9584303442326204,0.09570525602175688,0.3681180235272917,23.61050510406494,,22662,0,1,9802,model_replace@0.3,0.7148977919937652,0.8455714362943885,0.0,0.17391304347826086
"A8 Full AgriTrust, asymmetric memory",0.8311883252258513,0.6305265716735214,0.7787374444126834,0.6305265716735214,0.5821405905585989,0.9583878906336173,0.09147581461832834,0.3579793459769527,24.189457893371582,,22662,0,1,9802,model_replace@0.3,0.5560220777677916,0.745231686275031,0.0,0.17391304347826086
A0 Staleness-weighted only,0.8073384294649062,0.4953957980548764,0.3958484429961758,0.4953957980548764,0.4340814646968962,0.9283808620590143,0.11070353076994587,1.650801111705029,19.583230018615723,,22662,0,0,9803,collusive_scale@0.3,1.0,1.0,0.0,
A1 +Direction,0.8043641417651146,0.486623868230315,0.39015084115108145,0.486623868230315,0.424748059163697,0.9184129137781212,0.11138410023081535,2.131514751726945,20.402104139328003,,22662,0,0,9803,collusive_scale@0.3,0.8701552989539194,0.7911242559013031,0.0,
A2 +Norm,0.8075330090340515,0.4959696626228383,0.39575686125842785,0.4959696626228383,0.4342934802945024,0.9304265751664023,0.11055909235611984,1.7030082798070187,19.01271104812622,,22662,0,0,9803,collusive_scale@0.3,0.6042389952370764,0.7257261427701441,0.0,
A3 +Reliability+History,0.8073662265462126,0.4954777787074424,0.3962771680654185,0.4954777787074424,0.434475607238529,0.930953800307333,0.11077294413059967,1.534636374111326,19.732266426086426,,22662,0,0,9803,collusive_scale@0.3,0.7679092955234812,0.8293589990314091,0.0,
A4 +Clipping,0.8078665740097289,0.4971046836637057,0.3954450881032851,0.4971046836637057,0.43460473978252007,0.956061128176044,0.11027970220443141,0.7768939653460907,19.670048475265503,,22662,0,0,9803,collusive_scale@0.3,0.7449664548283512,0.8252684748883314,0.0,
A5 +Similarity (duplicate-aware consensus),0.8212091730368312,0.5311503028970151,0.7287498129537197,0.5311503028970151,0.49792619031231683,0.957544095235454,0.10227685624628528,0.44030484006865744,19.283684968948364,,22662,0,0,9803,collusive_scale@0.3,0.48553185578030605,0.8447025839543842,0.0,
A6 +Gate (no probation),0.5882140375260597,0.6294300391243902,0.5760684224001567,0.6294300391243902,0.500794023057613,0.9572101425726963,0.08206422919418958,1.065672453262222,20.396839380264282,,22662,1,0,9803,collusive_scale@0.3,0.48021759953601184,0.8327109598829979,0.022222222222222223,0.8235294117647058
"A7 +Probation (full AgriTrust, symmetric memory)",0.5882140375260597,0.6294300391243902,0.5760684224001567,0.6294300391243902,0.500794023057613,0.9572157517068342,0.08206422919418958,1.0676284739949644,18.579168796539307,,22662,1,2,9803,collusive_scale@0.3,0.48021759953601184,0.8326697902023571,0.022222222222222223,0.7058823529411765
"A8 Full AgriTrust, asymmetric memory",0.838137595552467,0.6162761802625903,0.8425399785346334,0.6162761802625903,0.6333867056681195,0.9584990341482128,0.09192335095376526,0.3531098274519748,18.91084861755371,,22662,0,3,9803,collusive_scale@0.3,0.1402429974032849,0.7131235399946352,0.0,0.8235294117647058
A0 Staleness-weighted only,0.8308825573314802,0.5668559615828751,0.8615189000263613,0.5668559615828751,0.5521772208277139,0.9576528544188534,0.09566365806713435,0.35598197015626504,21.851996898651123,,22662,0,0,9804,adaptive_slow_drift@0.3,1.0,1.0,0.0,
A1 +Direction,0.8327449617790132,0.591109910112367,0.8079201682787356,0.591109910112367,0.5871098728177849,0.9578176801251095,0.09056615359697895,0.3593711277717193,21.38695454597473,,22662,0,0,9804,adaptive_slow_drift@0.3,0.9703808157877912,0.7679169475690536,0.0,
A2 +Norm,0.8343293954134816,0.5848699142449173,0.8182051480651288,0.5848699142449173,0.5781842417607087,0.9577504352577987,0.09107991329911447,0.3577316924904158,21.01324439048767,,22662,0,0,9804,adaptive_slow_drift@0.3,0.9285450454015234,0.626574577514981,0.0,
A3 +Reliability+History,0.8338846421125782,0.5789546998939946,0.8114243532808064,0.5789546998939946,0.5693295072903363,0.9576722098492215,0.09211826899911642,0.35592475613802893,22.922128915786743,,22662,0,0,9804,adaptive_slow_drift@0.3,0.9502276447437092,0.7679523652717901,0.0,
A4 +Clipping,0.8339680333564976,0.5790351245361051,0.8115069184319244,0.5790351245361051,0.5694509597966452,0.9576681203338312,0.09206696063585322,0.355963234974464,21.32400941848755,,22662,0,0,9804,adaptive_slow_drift@0.3,0.9502847070283625,0.7679253769286225,0.0,
A5 +Similarity (duplicate-aware consensus),0.8289645587213342,0.5563266244004562,0.8806548077037967,0.5563266244004562,0.5391861995164445,0.9577004127762713,0.09729129363545246,0.37068103758218357,22.259811639785767,,22662,0,0,9804,adaptive_slow_drift@0.3,0.4140951538085937,0.7935132538886067,0.0,
A6 +Gate (no probation),0.8229881862404448,0.5513955064429547,0.8892158149646764,0.5513955064429547,0.5327545563146323,0.9575605138256594,0.10132139714308448,0.4083535389649669,21.260554313659668,,22662,0,0,9804,adaptive_slow_drift@0.3,0.4140951538085937,0.7919843520847103,0.0,0.85
"A7 +Probation (full AgriTrust, symmetric memory)",0.8232105628908964,0.5501308764005906,0.8877707557173565,0.5501308764005906,0.5308256491118388,0.9575522075530247,0.10108998622704148,0.4010749410459297,21.978339195251465,,22662,0,3,9804,adaptive_slow_drift@0.3,0.4140951538085937,0.7910820326065992,0.0,0.7
"A8 Full AgriTrust, asymmetric memory",0.8303822098679638,0.5789689461411139,0.8761445938868406,0.5789689461411139,0.5781810981855453,0.9577833619589758,0.09700146457999526,0.37285468270861855,20.974575757980347,,22662,1,3,9804,adaptive_slow_drift@0.3,0.11917448571874997,0.6281299704458569,0.021739130434782608,0.85
A0 Staleness-weighted only,0.828353022932592,0.6166075176759638,0.8129891841889277,0.6166075176759638,0.5656613412366928,0.9580211888215602,0.09735697335863887,0.3938984057218644,21.247846126556396,,22662,0,0,10800,clean,,1.0,0.0,
A1 +Direction,0.83135510771369,0.6275063812256246,0.7850178124493196,0.6275063812256246,0.5771544309910939,0.9579111771347469,0.09279625003366075,0.3587358517989039,20.900444746017456,,22662,0,0,10800,clean,,0.7860977539217389,0.0,
A2 +Norm,0.8314384989576095,0.6256950811068553,0.768422585382139,0.6256950811068553,0.5722538035414119,0.9582153057587998,0.0899034844672968,0.35931375309579733,21.471522569656372,,22662,0,0,10800,clean,,0.6734912796049055,0.0,
A3 +Reliability+History,0.828408617095205,0.6171444796027511,0.7954985591097564,0.6171444796027511,0.5588858912133415,0.9581351711607003,0.09585284338534034,0.36427047858835193,20.87239122390747,,22662,0,0,10800,clean,,0.7892190851648115,0.0,
A4 +Clipping,0.828408617095205,0.6171444796027511,0.7954985591097564,0.6171444796027511,0.5588858912133415,0.9581351652750932,0.09585284338534034,0.3642704941835834,21.219882249832153,,22662,0,0,10800,clean,,0.7892190855160329,0.0,
A5 +Similarity (duplicate-aware consensus),0.828408617095205,0.6171444796027511,0.7954985591097564,0.6171444796027511,0.5588858912133415,0.9581351652750932,0.09585284338534034,0.3642704941835834,20.86341905593872,,22662,0,0,10800,clean,,0.7892190855160329,0.0,
A6 +Gate (no probation),0.5900764419735928,0.6418706437977583,0.7020261719367854,0.6418706437977583,0.5148740642266116,0.9575196892139459,0.08173600110189837,0.6479757752804601,21.115392446517944,,22662,1,0,10800,clean,,0.7892190855160329,0.015384615384615385,
"A7 +Probation (full AgriTrust, symmetric memory)",0.5900764419735928,0.6418706437977583,0.7020261719367854,0.6418706437977583,0.5148740642266116,0.9575196892139459,0.08173600110189837,0.6479757752804601,20.62760877609253,,22662,1,0,10800,clean,,0.7892190855160329,0.015384615384615385,
"A8 Full AgriTrust, asymmetric memory",0.5911327310632384,0.6509621182333224,0.7116384767872815,0.6509621182333224,0.5291571789210897,0.9576979818634408,0.08154657343845766,0.6357284951585319,20.643045902252197,,22662,2,0,10800,clean,,0.6564607133186257,0.03076923076923077,
A0 Staleness-weighted only,0.010729673384294649,0.16666666666666666,0.0017882788973824415,0.16666666666666666,0.0035385898810997127,0.4999887985303672,0.16666666666666666,15.771328568500797,21.720271110534668,,22662,0,0,10801,sign_flip@0.3,1.0,1.0,0.0,
A1 +Direction,0.010729673384294649,0.16666666666666666,0.0017882788973824415,0.16666666666666666,0.0035385898810997127,0.4997819330431459,0.16666666666666666,15.771328568500797,21.359142541885376,,22662,0,0,10801,sign_flip@0.3,0.7492313629128614,0.8177117120878534,0.0,
A2 +Norm,0.018012508686587908,0.17369041874430324,0.03296251904671293,0.17369041874430324,0.015140275981254373,0.5628261310130754,0.16648764049782974,14.67665025979796,22.067328691482544,,22662,0,0,10801,sign_flip@0.3,0.5936219648308814,0.7546976632456378,0.0,
A3 +Reliability+History,0.010729673384294649,0.16666666666666666,0.0017882788973824415,0.16666666666666666,0.0035385898810997127,0.4935352466610999,0.16666666666666666,15.771328568500797,20.431117057800293,,22662,0,0,10801,sign_flip@0.3,0.7440204337046773,0.8372565083154438,0.0,
A4 +Clipping,0.2269909659485754,0.46362081839662195,0.22263083467690295,0.46362081839662195,0.24237065485953055,0.7973708088378944,0.15358058609024927,9.992573980761172,21.887810945510864,,22662,0,0,10801,sign_flip@0.3,0.7184780122391741,0.8302421175480924,0.0,
A5 +Similarity (duplicate-aware consensus),0.2269909659485754,0.46362081839662195,0.22263083467690295,0.46362081839662195,0.24237065485953055,0.7973708088378944,0.15358058609024927,9.992573980761172,20.89781618118286,,22662,0,0,10801,sign_flip@0.3,0.7184780122391741,0.8302421175480924,0.0,
A6 +Gate (no probation),0.5586657400972898,0.6154074746444639,0.548588283072769,0.6154074746444639,0.47869556921966994,0.8657565653574341,0.08788460874123988,3.7068667740680703,22.301900148391724,,22662,0,0,10801,sign_flip@0.3,0.7165394420445026,0.8278490651570626,0.0,0.35
"A7 +Probation (full AgriTrust, symmetric memory)",0.558498957609451,0.6105962143105746,0.5490549892827096,0.6105962143105746,0.4722203453576352,0.8655827564832453,0.08788340317137901,3.7500176578799587,21.03917932510376,,22662,0,1,10801,sign_flip@0.3,0.7165394420445026,0.8278490651570626,0.0,0.3
"A8 Full AgriTrust, asymmetric memory",0.5840722724113968,0.6164267789300673,0.5710338708690109,0.6164267789300673,0.4826022953298754,0.9485384860536864,0.08280771719808538,1.69953548222762,21.90639328956604,,22662,0,1,10801,sign_flip@0.3,0.5330207139991027,0.7255393702678817,0.0,0.35
A0 Staleness-weighted only,0.7861570535093815,0.38763588690795947,0.47999466964040766,0.38763588690795947,0.4071391179299506,0.932023400664788,0.12868946597287212,0.9351360854435272,23.213479042053223,,22662,0,0,10802,model_replace@0.3,1.0,1.0,0.0,
A1 +Direction,0.8077831827658096,0.5053580425581136,0.8399940380897849,0.5053580425581136,0.49581867458071893,0.9429310170386785,0.11296143403437897,0.4984310726134988,22.40588927268982,,22662,0,0,10802,model_replace@0.3,0.7538995158244519,0.8230841839428085,0.0,
A2 +Norm,0.8007505211952745,0.49346148004303664,0.62430374775559,0.49346148004303664,0.49089145380856963,0.9414621787508718,0.117740662011535,0.5444808739238884,23.613267421722412,,22662,0,0,10802,model_replace@0.3,0.5884504496615526,0.7213848349510791,0.0,
A3 +Reliability+History,0.8115635858234885,0.5337300067503129,0.8423951154238765,0.5337300067503129,0.524894067744201,0.9464099889046897,0.11030692293755456,0.4674182252384922,23.287976264953613,,22662,0,0,10802,model_replace@0.3,0.7453757849806132,0.8191000680114009,0.0,
A4 +Clipping,0.8034468380820013,0.521179061709772,0.8222263525215231,0.521179061709772,0.5053725556601817,0.9459548543691542,0.115423930253498,0.5020911268998777,22.71240997314453,,22662,0,0,10802,model_replace@0.3,0.7355283070923382,0.8207044647766631,0.0,
A5 +Similarity (duplicate-aware consensus),0.8034468380820013,0.521179061709772,0.8222263525215231,0.521179061709772,0.5053725556601817,0.9459548543691542,0.115423930253498,0.5020911268998777,23.441741943359375,,22662,0,0,10802,model_replace@0.3,0.7355283070923382,0.8207044647766631,0.0,
A6 +Gate (no probation),0.7626963168867269,0.6733261952252607,0.7018700348187648,0.6733261952252607,0.5973159166067256,0.9574907018869728,0.06572307914842318,0.4181399605536724,23.292787790298462,,22662,3,0,10802,model_replace@0.3,0.7141559791500021,0.8188101588339485,0.06521739130434782,0.25
"A7 +Probation (full AgriTrust, symmetric memory)",0.8118971507991661,0.5757627201613552,0.6842227630622134,0.5757627201613552,0.5395719267508027,0.9562434897887723,0.1088592744224276,0.5950894697376741,22.220705270767212,,22662,3,1,10802,model_replace@0.3,0.7141559791500021,0.8188101588339485,0.06521739130434782,0.1875
"A8 Full AgriTrust, asymmetric memory",0.7755663655316192,0.6679642605405852,0.7174099367108359,0.6679642605405852,0.6018397242398796,0.9582814425769813,0.0722445493935326,0.40174172087339716,23.484349012374878,,22662,1,1,10802,model_replace@0.3,0.45560668536853155,0.6856764421911672,0.021739130434782608,0.375
A0 Staleness-weighted only,0.8102849200833913,0.5663014601715096,0.5349922803102861,0.5663014601715096,0.5313285646552626,0.9545325987135249,0.10944658314669269,0.6357805069836651,20.186655521392822,,22662,0,0,10803,collusive_scale@0.3,1.0,1.0,0.0,
A1 +Direction,0.8097011813759555,0.5500507875329689,0.5515407306794458,0.5500507875329689,0.5181349845058844,0.9437920702921279,0.1098847591871403,0.833802513070328,20.798723936080933,,22662,0,0,10803,collusive_scale@0.3,0.9512053536455163,0.743020871220046,0.0,
A2 +Norm,0.8107852675469076,0.5742822332271186,0.6395309286278282,0.5742822332271186,0.5378733372762562,0.9545017444428879,0.10921440727926145,0.5922451759593259,19.865883588790894,,22662,0,0,10803,collusive_scale@0.3,0.5366466215859229,0.6749956987140826,0.0,
A3 +Reliability+History,0.8112300208478109,0.5730675332885992,0.6815413038551846,0.5730675332885992,0.5377335933991387,0.9551605748386641,0.10887817090119846,0.5559872576604924,21.366132020950317,,22662,0,0,10803,collusive_scale@0.3,0.7206026414543091,0.7935943235735409,0.0,
A4 +Clipping,0.5914940931202224,0.6583276557754407,0.6523311440637575,0.6583276557754407,0.5354235739009688,0.9572239090323263,0.08147603903805702,0.6267847610523196,20.094888925552368,,22662,0,0,10803,collusive_scale@0.3,0.6924521572108986,0.7880736826997361,0.0,
A5 +Similarity (duplicate-aware consensus),0.7722029186935372,0.6446344730162331,0.7071355781286508,0.6446344730162331,0.5684130644551909,0.957717172556766,0.07129947047067664,0.41211346198119764,21.20590305328369,,22662,0,0,10803,collusive_scale@0.3,0.4265838623046874,0.8044328019341691,0.0,
A6 +Gate (no probation),0.6719110493398193,0.6293146353865647,0.6988861629666164,0.6293146353865647,0.5031692900570682,0.9570725011085437,0.07207245171024225,0.4953863040674649,19.876121759414673,,22662,2,0,10803,collusive_scale@0.3,0.4265838623046874,0.8079863019514048,0.045454545454545456,0.8421052631578947
"A7 +Probation (full AgriTrust, symmetric memory)",0.6724113968033356,0.6293267374095312,0.6988989998315862,0.6293267374095312,0.5032990065270165,0.9570740802384017,0.07202914874823689,0.4949700470283884,21.14725136756897,,22662,2,3,10803,collusive_scale@0.3,0.4265838623046874,0.8079778881959399,0.045454545454545456,0.6842105263157895
"A8 Full AgriTrust, asymmetric memory",0.6780264072272412,0.6342021429287606,0.7020921694921757,0.6342021429287606,0.5114848268846566,0.9573346283287512,0.07113706887930031,0.4857519744353327,20.129215240478516,,22662,2,3,10803,collusive_scale@0.3,0.12211053968749998,0.6848167068802985,0.045454545454545456,0.8421052631578947
A0 Staleness-weighted only,0.8343293954134816,0.6000058646580085,0.7897211085536774,0.6000058646580085,0.5858305932756599,0.9577667318703057,0.09174608318157625,0.3542882094164655,22.827539443969727,,22662,0,0,10804,adaptive_slow_drift@0.3,1.0,1.0,0.0,
A1 +Direction,0.8248227936066713,0.6334332017864888,0.7473098299373245,0.6334332017864888,0.6173041859989995,0.957966483844514,0.08477364589074375,0.3656839238523415,21.72163200378418,,22662,0,0,10804,adaptive_slow_drift@0.3,0.9823544111441914,0.7359615047715646,0.0,
A2 +Norm,0.7935232800555941,0.6657169992065924,0.736021161737974,0.6657169992065924,0.6346910584590133,0.9581190792143185,0.07365967313529236,0.3744951525922258,22.366758346557617,,22662,0,0,10804,adaptive_slow_drift@0.3,0.9389562536557866,0.5250038728760215,0.0,
A3 +Reliability+History,0.7934676858929812,0.658187749553628,0.738272024353536,0.658187749553628,0.6280162844681583,0.9579204416784478,0.07375224901408954,0.3736937470013809,22.687753677368164,,22662,0,0,10804,adaptive_slow_drift@0.3,0.9516470854756708,0.7110967273773973,0.0,
A4 +Clipping,0.7934398888116748,0.6581609413395912,0.7382538618990487,0.6581609413395912,0.6279950423674815,0.957920184510726,0.07376935180184395,0.37368160152251884,21.564542055130005,,22662,0,0,10804,adaptive_slow_drift@0.3,0.9516413249221439,0.7111993867068206,0.0,
A5 +Similarity (duplicate-aware consensus),0.8311327310632384,0.608734089157278,0.7699758359490243,0.608734089157278,0.5942240015208698,0.9577563001101171,0.08925790719190509,0.3563526428302607,23.019193649291992,,22662,0,0,10804,adaptive_slow_drift@0.3,0.4368679465667578,0.7423836620031845,0.0,
A6 +Gate (no probation),0.8317442668519806,0.6073652427739925,0.7727813353426454,0.6073652427739925,0.5928382414125839,0.9577028800069659,0.0896399992853093,0.3555887154144273,22.5039541721344,,22662,0,0,10804,adaptive_slow_drift@0.3,0.4368679465667578,0.743104289845199,0.0,0.7142857142857143
"A7 +Probation (full AgriTrust, symmetric memory)",0.831716469770674,0.6082538991601166,0.7725908939659222,0.6082538991601166,0.5937805061471163,0.9577106511768316,0.08948542867582839,0.3557610909512766,23.210527420043945,,22662,0,3,10804,adaptive_slow_drift@0.3,0.4368679465667578,0.7431330553746974,0.0,0.5714285714285714
"A8 Full AgriTrust, asymmetric memory",0.8346907574704656,0.6041015975358568,0.8223401693947262,0.6041015975358568,0.5878083710939558,0.9577059497066626,0.09091965212686813,0.3544705281295432,25.407764196395874,,22662,0,3,10804,adaptive_slow_drift@0.3,0.13653645116833144,0.5350653692185663,0.0,0.8095238095238095
