Method,Accuracy,BalancedAccuracy,MacroPrecision,MacroRecall,MacroF1,MacroAUROC,MacroFPR,LogLoss,TrainSeconds,CommMB,Parameters,PoisonRatio,AttackType,Attackers,CleanContinuationMacroF1,AttackDamage
FedAvg,0.811591382904795,0.5328491485754535,0.7302538808634104,0.5328491485754535,0.4981516167072207,0.9573108835194172,0.10875413920431448,0.7433182394833282,26.72967028617859,17.28973388671875,22662,0.0,none,,0.4981516167072207,0.0
CoordMedian,0.6061153578874218,0.7005577955299443,0.7426842668230681,0.7005577955299443,0.6384032484667285,0.9580159272153418,0.07906622845389878,0.5554342436334766,26.177555799484253,17.28973388671875,22662,0.0,none,,0.6384032484667285,0.0
TrimmedMean,0.6709659485753996,0.7103307670978096,0.751535010864278,0.7103307670978096,0.6633467654102335,0.9595509892385156,0.07104258253003488,0.48617485836487484,26.31300377845764,17.28973388671875,22662,0.0,none,,0.6633467654102335,0.0
MultiKrum,0.5893815149409312,0.6492180300130933,0.5406408004283986,0.6492180300130933,0.5186064982865883,0.9569004263001205,0.08188915657302226,1.1990766167382543,26.206265449523926,17.28973388671875,22662,0.0,none,,0.5186064982865883,0.0
Async-Stale,0.8063099374565671,0.49221126069985915,0.39710954960988926,0.49221126069985915,0.43349569551839107,0.9365414854849804,0.11162060126162861,1.3803794438214139,20.34333634376526,13.831787109375,22662,0.0,none,,0.43349569551839107,0.0
RawTrust,0.8096177901320362,0.5235878051716111,0.7225239734961892,0.5235878051716111,0.4824162611040084,0.9560000316878375,0.10964819116381229,0.6944109175682283,21.03976058959961,13.831787109375,22662,0.0,none,,0.4824162611040084,0.0
AgriTrust-ACFL,0.828825573314802,0.5778095593797193,0.8855835630153422,0.5778095593797193,0.5644208041754983,0.9579840069982155,0.09814257121682757,0.40981809922697743,25.36920666694641,13.831787109375,22662,0.0,none,,0.5644208041754983,0.0
FedAvg,0.8095899930507297,0.5262133736766076,0.7289385942185391,0.5262133736766076,0.4872136720331867,0.9565506174026011,0.10988666432445078,0.8116953057674631,26.474854946136475,17.28973388671875,22662,0.1,sign_flip,9,0.4981516167072207,0.010937944674033973
CoordMedian,0.7779847116052815,0.6812064518428732,0.7629721366478636,0.6812064518428732,0.6745621205417102,0.9587184748282368,0.06730537018621845,0.41065169650689826,26.1788330078125,17.28973388671875,22662,0.1,sign_flip,9,0.6384032484667285,-0.036158872074981696
TrimmedMean,0.8337456567060458,0.6109990592313513,0.8649016139607517,0.6109990592313513,0.624955321183347,0.9600073545826578,0.0955375638843144,0.35583025491492765,25.835875511169434,17.28973388671875,22662,0.1,sign_flip,9,0.6633467654102335,0.03839144422688656
MultiKrum,0.5888533703961084,0.6237734922004509,0.7135335189684052,0.6237734922004509,0.49634952390918313,0.9575582128673408,0.08192567197278844,0.9727256325779143,25.884779691696167,17.28973388671875,22662,0.1,sign_flip,9,0.5186064982865883,0.022256974377405203
Async-Stale,0.8060597637248089,0.49147343482676525,0.39713498387626167,0.49147343482676525,0.43313714291248656,0.93528090786995,0.11178688580119084,1.443263550976501,21.018303632736206,13.831787109375,22662,0.1,sign_flip,9,0.43349569551839107,0.0003585526059045052
RawTrust,0.8079777623349548,0.5004795060488673,0.5624938539477223,0.5004795060488673,0.44197465705928657,0.952164585046322,0.11027394569911138,0.9194036700597092,20.455392360687256,13.831787109375,22662,0.1,sign_flip,9,0.4824162611040084,0.04044160404472186
AgriTrust-ACFL,0.808533703961084,0.512012792383589,0.5573390670535856,0.512012792383589,0.46387166289513543,0.9566343900178209,0.11017917061180749,0.690147762593798,25.42438793182373,13.831787109375,22662,0.1,sign_flip,9,0.5644208041754983,0.10054914128036291
FedAvg,0.8189576094510076,0.547655070902051,0.7327171202676029,0.547655070902051,0.5227371844713197,0.9580399120423144,0.10437021384666861,0.670004026205361,26.25365686416626,17.28973388671875,22662,0.1,model_replace,9,0.4981516167072207,-0.02458556776409898
CoordMedian,0.6063655316191799,0.7109652228607763,0.7319843481212228,0.7109652228607763,0.648318698560998,0.9583714880022839,0.07907573610145884,0.5453083195643293,29.58771586418152,17.28973388671875,22662,0.1,model_replace,9,0.6384032484667285,-0.009915450094269529
TrimmedMean,0.6201528839471856,0.7067432006516844,0.7469707943199492,0.7067432006516844,0.6346321714783972,0.9594939428578364,0.07670293279271077,0.49550435664004355,25.992586135864258,17.28973388671875,22662,0.1,model_replace,9,0.6633467654102335,0.028714593931836285
MultiKrum,0.5888533703961084,0.6237734922004509,0.7135335189684052,0.6237734922004509,0.49634952390918313,0.9575582128673408,0.08192567197278844,0.9727256325779143,26.209976196289062,17.28973388671875,22662,0.1,model_replace,9,0.5186064982865883,0.022256974377405203
Async-Stale,0.8065323141070188,0.49286710592038707,0.397080113210824,0.49286710592038707,0.43380734432029006,0.9385002355280028,0.11147141950982077,1.3081609222763517,21.074054718017578,13.831787109375,22662,0.1,model_replace,9,0.43349569551839107,-0.00031164880189898936
RawTrust,0.8096733842946491,0.5242296195357093,0.7229708629540988,0.5242296195357093,0.4833937497081213,0.9559320015410048,0.10961398558830347,0.6909316130250365,19.988085508346558,13.831787109375,22662,0.1,model_replace,9,0.4824162611040084,-0.0009774886041128972
AgriTrust-ACFL,0.8090896455872133,0.523800344053832,0.6443400285510181,0.523800344053832,0.4830834397767172,0.9568326477033287,0.11001014715353581,0.6592187549353298,25.36522388458252,13.831787109375,22662,0.1,model_replace,9,0.5644208041754983,0.08133736439878114
FedAvg,0.8115635858234885,0.5328223403614167,0.7302497235403463,0.5328223403614167,0.49809672150434986,0.957309451083999,0.10877124199206888,0.743141276023001,25.897330045700073,17.28973388671875,22662,0.1,gaussian,9,0.4981516167072207,5.4895202870830495e-05
CoordMedian,0.6064767199444059,0.6947626618351097,0.7439860802559372,0.6947626618351097,0.6359043379860657,0.9580631143386195,0.07903024383638511,0.5172259600584829,26.05030345916748,17.28973388671875,22662,0.1,gaussian,9,0.6384032484667285,0.0024989104806627527
TrimmedMean,0.6958165392633774,0.7102863913094821,0.7577984034987343,0.7102863913094821,0.6708530507121617,0.9596283726378059,0.06817154513014752,0.45629985065852774,26.24446129798889,17.28973388671875,22662,0.1,gaussian,9,0.6633467654102335,-0.007506285301928206
MultiKrum,0.5892981236970118,0.6466015864060108,0.5407144079432312,0.6466015864060108,0.5165840824043698,0.9568115949326579,0.08190325110964351,1.2005050867870306,25.5434627532959,17.28973388671875,22662,0.1,gaussian,9,0.5186064982865883,0.00202241588221852
Async-Stale,0.8063099374565671,0.49221126069985915,0.39710954960988926,0.49221126069985915,0.43349569551839107,0.9365378418973682,0.11162060126162861,1.3804495164586474,20.54663586616516,13.831787109375,22662,0.1,gaussian,9,0.43349569551839107,0.0
RawTrust,0.8092842251563586,0.5220897107311203,0.7126646444418346,0.5220897107311203,0.4799448568406571,0.9557417788143246,0.10984106516709254,0.730763561193699,20.584457874298096,13.831787109375,22662,0.1,gaussian,9,0.4824162611040084,0.002471404263351351
AgriTrust-ACFL,0.8090340514246004,0.5231033572512045,0.6442475312258854,0.5231033572512045,0.48212590071181277,0.9567915897340113,0.11004435272904461,0.6693844589970361,24.5015926361084,13.831787109375,22662,0.1,gaussian,9,0.5644208041754983,0.08229490346368556
FedAvg,0.8203752605976372,0.5537830457446539,0.7314802470529008,0.5537830457446539,0.5311722515169423,0.9583120745319221,0.10355969359312905,0.6341506837786293,25.96257972717285,17.28973388671875,22662,0.1,collusive_scale,9,0.4981516167072207,-0.03302063480972156
CoordMedian,0.6063933287004865,0.7111641090978487,0.7323761342264355,0.7111641090978487,0.6485967098416195,0.9583696038109268,0.07907106809040498,0.5449436161829775,25.940032243728638,17.28973388671875,22662,0.1,collusive_scale,9,0.6384032484667285,-0.010193461374891077
TrimmedMean,0.6204308547602502,0.7067453786274417,0.7465138282768389,0.7067453786274417,0.6344478169486841,0.9594856898449339,0.07668042355267016,0.49396584681294614,25.94178056716919,17.28973388671875,22662,0.1,collusive_scale,9,0.6633467654102335,0.02889894846154939
MultiKrum,0.5888533703961084,0.6237734922004509,0.7135335189684052,0.6237734922004509,0.49634952390918313,0.9575582128673408,0.08192567197278844,0.9727256325779143,25.935441970825195,17.28973388671875,22662,0.1,collusive_scale,9,0.5186064982865883,0.022256974377405203
Async-Stale,0.8067546907574704,0.4961880786283926,0.5637256993153895,0.4961880786283926,0.4399484932372679,0.9402932305313585,0.11129923365213695,1.2541498616325542,19.802014112472534,13.831787109375,22662,0.1,collusive_scale,9,0.43349569551839107,-0.006452797718876857
RawTrust,0.8100625434329396,0.5281341221483725,0.725789847878865,0.5281341221483725,0.4895569202038685,0.9560429945317144,0.10944870325837741,0.6799978608241796,20.827778816223145,13.831787109375,22662,0.1,collusive_scale,9,0.4824162611040084,-0.007140659099860058
AgriTrust-ACFL,0.8090896455872133,0.523800344053832,0.6443400285510181,0.523800344053832,0.4830834397767172,0.9568330632083213,0.11001014715353581,0.6591565530772322,24.865845203399658,13.831787109375,22662,0.1,collusive_scale,9,0.5644208041754983,0.08133736439878114
FedAvg,0.811952744961779,0.5331976553579317,0.730307949406741,0.5331976553579317,0.4988637509765599,0.9573107998310683,0.10853180296350723,0.7327764631141482,26.220818042755127,17.28973388671875,22662,0.1,adaptive_slow_drift,9,0.4981516167072207,-0.000712134269339193
CoordMedian,0.6070604586518416,0.6952678116709602,0.7373194156762799,0.6952678116709602,0.6426857560412912,0.9581450320516679,0.0790135957095957,0.4712688485726498,25.906381607055664,17.28973388671875,22662,0.1,adaptive_slow_drift,9,0.6384032484667285,-0.004282507574562722
TrimmedMean,0.7736483669214732,0.7013285922376857,0.7707764180984897,0.7013285922376857,0.6881306164711408,0.9594953121607582,0.06453839763849702,0.4039739780002674,25.384347200393677,17.28973388671875,22662,0.1,adaptive_slow_drift,9,0.6633467654102335,-0.024783851060907303
MultiKrum,0.5888255733148019,0.6219421003222199,0.6693904151087059,0.6219421003222199,0.4955508563866225,0.9573536628285458,0.08194224874661815,0.9538166444665029,26.27362871170044,17.28973388671875,22662,0.1,adaptive_slow_drift,9,0.5186064982865883,0.02305564189996584
Async-Stale,0.80636553161918,0.4923752220049911,0.3971177840699325,0.4923752220049911,0.4335864413688543,0.9366850135599948,0.11158639568611982,1.3755056500641296,20.956634521484375,13.831787109375,22662,0.1,adaptive_slow_drift,9,0.43349569551839107,-9.074585046325856e-05
RawTrust,0.8085615010423906,0.5112829873766852,0.6468080432575266,0.5112829873766852,0.46186419526780614,0.9545520841871227,0.11010034590211805,0.7949349158909264,19.994868516921997,13.831787109375,22662,0.1,adaptive_slow_drift,9,0.4824162611040084,0.020552065836202282
AgriTrust-ACFL,0.8090618485059069,0.5231853379037704,0.6442517129795422,0.5231853379037704,0.48217004795491136,0.9567960219938051,0.11002724994129022,0.6579244106142135,25.03857445716858,13.831787109375,22662,0.1,adaptive_slow_drift,9,0.5644208041754983,0.08225075622058697
FedAvg,0.811952744961779,0.5331976553579317,0.730307949406741,0.5331976553579317,0.4988637509765599,0.9573079855175383,0.10853180296350723,0.7326297751346963,25.97546648979187,17.28973388671875,22662,0.1,alie_jitter,9,0.4981516167072207,-0.000712134269339193
CoordMedian,0.607143849895761,0.695286873813545,0.736450302295331,0.695286873813545,0.6426437358780795,0.9581321152315017,0.07899673326212847,0.47034464685654226,26.066179990768433,17.28973388671875,22662,0.1,alie_jitter,9,0.6384032484667285,-0.004240487411351079
TrimmedMean,0.7425434329395414,0.6974861068021845,0.764799817949724,0.6974861068021845,0.6794463775607212,0.9594791918428413,0.06931121041295259,0.4077673964721148,26.043291091918945,17.28973388671875,22662,0.1,alie_jitter,9,0.6633467654102335,-0.01609961215048772
MultiKrum,0.5887977762334955,0.6213270941721584,0.6692965334325286,0.6213270941721584,0.49474444340639506,0.9573486858347656,0.08194693184158196,0.9540159012107494,25.71734881401062,17.28973388671875,22662,0.1,alie_jitter,9,0.5186064982865883,0.023862054880193273
Async-Stale,0.80636553161918,0.4923752220049911,0.3971177840699325,0.4923752220049911,0.4335864413688543,0.936684214092745,0.11158639568611982,1.3755273108254935,19.789509057998657,13.831787109375,22662,0.1,alie_jitter,9,0.43349569551839107,-9.074585046325856e-05
RawTrust,0.8085615010423906,0.5112829873766852,0.6468080432575266,0.5112829873766852,0.46186419526780614,0.9545873936993199,0.11010034590211805,0.7934852454061854,20.837249517440796,13.831787109375,22662,0.1,alie_jitter,9,0.4824162611040084,0.020552065836202282
AgriTrust-ACFL,0.8090618485059069,0.5231853379037704,0.6442517129795422,0.5231853379037704,0.48217004795491136,0.9567996660017798,0.11002724994129022,0.6573828035778948,25.021268367767334,13.831787109375,22662,0.1,alie_jitter,9,0.5644208041754983,0.08225075622058697
FedAvg,0.7523280055594163,0.33292920681166027,0.22239847345165042,0.33292920681166027,0.26544698752151386,0.8669165767829594,0.1447353394825003,3.496879697835329,25.186768531799316,17.28973388671875,22662,0.2,sign_flip,"0,6",0.4981516167072207,0.23270462918570683
CoordMedian,0.8345795691452398,0.6117233815749573,0.6268865376096723,0.6117233815749573,0.5799700503381956,0.9517357371424168,0.09021161490743113,0.4130138792518463,25.222450256347656,17.28973388671875,22662,0.2,sign_flip,"0,6",0.6384032484667285,0.05843319812853287
TrimmedMean,0.8189576094510076,0.5701844899085706,0.7203058185832724,0.5701844899085706,0.5462170888984444,0.9445486233490253,0.10439417947693429,0.7037393415465557,25.887988328933716,17.28973388671875,22662,0.2,sign_flip,"0,6",0.6633467654102335,0.11712967651178907
MultiKrum,0.6012508686587908,0.7137848077603594,0.7243595606437013,0.7137848077603594,0.6193924530061258,0.958536594126033,0.07982073270655218,0.7685538868970734,25.991916179656982,17.28973388671875,22662,0.2,sign_flip,"0,6",0.5186064982865883,-0.10078595471953744
Async-Stale,0.7520500347463517,0.33113287663048047,0.22235734692301753,0.33113287663048047,0.2649400454423,0.8066005664210286,0.14499288350845255,3.9419535517817192,20.749767065048218,13.831787109375,22662,0.2,sign_flip,"0,6",0.43349569551839107,0.16855565007609108
RawTrust,0.7918554551772063,0.4498838277856929,0.38038511221636795,0.4498838277856929,0.3940287269298996,0.9079361157728384,0.11701632660827303,2.4701539766116563,19.95954942703247,13.831787109375,22662,0.2,sign_flip,"0,6",0.4824162611040084,0.08838753417410883
AgriTrust-ACFL,0.80864489228631,0.5160718934763215,0.5589771845604891,0.5160718934763215,0.47097430581071426,0.9492071574570313,0.11017153231355813,1.0301439153355725,24.842047452926636,13.831787109375,22662,0.2,sign_flip,"0,6",0.5644208041754983,0.09344649836478408
FedAvg,0.8047255038220987,0.6923585793063024,0.7641226206791066,0.6923585793063024,0.7082561270232858,0.9585840170071743,0.07297419913480031,0.3687667067921305,25.96659207344055,17.28973388671875,22662,0.2,model_replace,"0,6",0.4981516167072207,-0.21010451031606509
CoordMedian,0.6085337039610841,0.7042853548469715,0.7237439448756029,0.7042853548469715,0.6457067303695107,0.9582412111252508,0.07861399570090434,0.5302387990380301,26.197791814804077,17.28973388671875,22662,0.2,model_replace,"0,6",0.6384032484667285,-0.007303481902782183
TrimmedMean,0.6820847810979848,0.7238833890253235,0.7348363768610401,0.7238833890253235,0.6899427602052334,0.9596411651994908,0.06992791101600665,0.4656907899780087,25.935753345489502,17.28973388671875,22662,0.2,model_replace,"0,6",0.6633467654102335,-0.026595994794999855
MultiKrum,0.6012508686587908,0.7137848077603594,0.7243595606437013,0.7137848077603594,0.6193924530061258,0.958536594126033,0.07982073270655218,0.7685538868970734,25.75807523727417,17.28973388671875,22662,0.2,model_replace,"0,6",0.5186064982865883,-0.10078595471953744
Async-Stale,0.5859068797776233,0.5724745338630667,0.42750465461565246,0.5724745338630667,0.4199147854719289,0.9414325898156869,0.08290248723915718,2.0370900039693027,20.370622396469116,13.831787109375,22662,0.2,model_replace,"0,6",0.43349569551839107,0.013580910046462169
RawTrust,0.8297984711605282,0.5463643276212296,0.7729311821679707,0.5463643276212296,0.5270842166375526,0.9564855335335806,0.09472744280951682,0.36661223336962523,20.5681631565094,13.831787109375,22662,0.2,model_replace,"0,6",0.4824162611040084,-0.044667955533544135
AgriTrust-ACFL,0.808283530229326,0.5072032947200751,0.5631959280409822,0.5072032947200751,0.45505490471861654,0.9538986882344221,0.1102457974832823,1.0272904554104025,24.488515615463257,13.831787109375,22662,0.2,model_replace,"0,6",0.5644208041754983,0.1093658994568818
FedAvg,0.8115635858234885,0.5328223403614167,0.7302497235403463,0.5328223403614167,0.49809672150434986,0.9573061603060921,0.10877124199206888,0.7420037542500993,26.025373220443726,17.28973388671875,22662,0.2,gaussian,"0,6",0.4981516167072207,5.4895202870830495e-05
CoordMedian,0.6049756775538568,0.6782654470919676,0.7526690977286375,0.6782654470919676,0.6005487941177247,0.9580433844831772,0.07930433130347965,0.5087798199835276,26.243204832077026,17.28973388671875,22662,0.2,gaussian,"0,6",0.6384032484667285,0.03785445434900381
TrimmedMean,0.7052397498262682,0.6967649472966806,0.7607949602838026,0.6967649472966806,0.6504628165572722,0.9596459111715054,0.0673299555642667,0.4439439201584838,26.121766567230225,17.28973388671875,22662,0.2,gaussian,"0,6",0.6633467654102335,0.012883948852961291
MultiKrum,0.5892981236970118,0.6466015864060108,0.5401953647256533,0.6466015864060108,0.5163901986068206,0.9566419468281446,0.08187931428000496,1.2057984991525326,25.85965919494629,17.28973388671875,22662,0.2,gaussian,"0,6",0.5186064982865883,0.0022162996797677748
Async-Stale,0.8063099374565671,0.49221126069985915,0.39704716728182127,0.49221126069985915,0.43344487437830903,0.9365910237375062,0.11160824181185601,1.378002696094122,20.28373074531555,13.831787109375,22662,0.2,gaussian,"0,6",0.43349569551839107,5.0821140082035754e-05
RawTrust,0.8088950660180682,0.5175970101824322,0.6473533976944849,0.5175970101824322,0.47248972638825765,0.9552979011480284,0.10999398804724601,0.765384229839583,20.912104606628418,13.831787109375,22662,0.2,gaussian,"0,6",0.4824162611040084,0.009926534715750779
AgriTrust-ACFL,0.8091174426685198,0.5244153502038935,0.6444881863190526,0.5244153502038935,0.48404242863058516,0.9567620952215973,0.11000540381555401,0.6739266129632189,25.259588956832886,13.831787109375,22662,0.2,gaussian,"0,6",0.5644208041754983,0.08037837554491317
FedAvg,0.8378596247394023,0.6513248342020894,0.8402519108645548,0.6513248342020894,0.6763757991695781,0.9597296165960186,0.09248583038981519,0.34488846590676137,26.311472177505493,17.28973388671875,22662,0.2,collusive_scale,"0,6",0.4981516167072207,-0.17822418246235744
CoordMedian,0.6065045170257123,0.7061442924724304,0.7309844225931356,0.7061442924724304,0.6532241629979696,0.9587608058686853,0.07895634675416972,0.5834024919723767,26.033114433288574,17.28973388671875,22662,0.2,collusive_scale,"0,6",0.6384032484667285,-0.014820914531241125
TrimmedMean,0.6170118137595553,0.7217073169815831,0.7489279694850984,0.7217073169815831,0.6789146213098508,0.9597073071348475,0.07713742682307283,0.5458133170113405,25.58709216117859,17.28973388671875,22662,0.2,collusive_scale,"0,6",0.6633467654102335,-0.015567855899617289
MultiKrum,0.6012508686587908,0.7137848077603594,0.7243595606437013,0.7137848077603594,0.6193924530061258,0.958536594126033,0.07982073270655218,0.7685538868970734,25.449161291122437,17.28973388671875,22662,0.2,collusive_scale,"0,6",0.5186064982865883,-0.10078595471953744
Async-Stale,0.8175121612230716,0.5883836741780356,0.5891096680098455,0.5883836741780356,0.5765629985077599,0.9528833794616736,0.09006914047888631,0.38329902257776577,20.927714586257935,13.831787109375,22662,0.2,collusive_scale,"0,6",0.43349569551839107,-0.14306730298936887
RawTrust,0.8082557331480195,0.5051061176620335,0.5628178001961285,0.5051061176620335,0.4504619383739114,0.9542206593891245,0.11016488206969051,0.878888265997538,20.147392988204956,13.831787109375,22662,0.2,collusive_scale,"0,6",0.4824162611040084,0.03195432273009702
AgriTrust-ACFL,0.8089784572619875,0.5219285173896108,0.5564372631067914,0.5219285173896108,0.47972156597196575,0.9541217578114799,0.10997874998261008,0.9228825954689236,25.102993488311768,13.831787109375,22662,0.2,collusive_scale,"0,6",0.5644208041754983,0.08469923820353259
FedAvg,0.8098679638637943,0.5305988413691484,0.7298770848047802,0.5305988413691484,0.49386704256033037,0.9548676789645043,0.10980215259531491,0.8060686506273821,26.08002281188965,17.28973388671875,22662,0.2,adaptive_slow_drift,"0,6",0.4981516167072207,0.004284574146890319
CoordMedian,0.7866018068102849,0.6412382039505707,0.7549413652968401,0.6412382039505707,0.6055501789002624,0.9571058019008776,0.0738674867094427,0.39563955781396426,26.02981948852539,17.28973388671875,22662,0.2,adaptive_slow_drift,"0,6",0.6384032484667285,0.03285306956646605
TrimmedMean,0.7926059763724809,0.6489212099650592,0.7671173628832193,0.6489212099650592,0.6219851431194597,0.9584568123959861,0.07457786732689639,0.3873815034653668,25.84387230873108,17.28973388671875,22662,0.2,adaptive_slow_drift,"0,6",0.6633467654102335,0.04136162229077378
MultiKrum,0.6002223766504517,0.7099856468337181,0.7150352930383498,0.7099856468337181,0.6137423104274061,0.9578679996923469,0.07998397572490902,0.7547068013291639,26.036885261535645,17.28973388671875,22662,0.2,adaptive_slow_drift,"0,6",0.5186064982865883,-0.09513581214081779
Async-Stale,0.8061431549687282,0.4917193767844632,0.39658834804437576,0.4917193767844632,0.4328176740456345,0.9292379958848556,0.11162434238997425,1.626193939640253,19.849581718444824,13.831787109375,22662,0.2,adaptive_slow_drift,"0,6",0.43349569551839107,0.0006780214727565848
RawTrust,0.8083391243919389,0.5096162635996956,0.5633321285332754,0.5096162635996956,0.45936241240640774,0.9470295508721689,0.11022378435828593,1.056194498984558,21.005183219909668,13.831787109375,22662,0.2,adaptive_slow_drift,"0,6",0.4824162611040084,0.023053848697600687
AgriTrust-ACFL,0.8084781097984711,0.5124574831809903,0.5573769386892674,0.5124574831809903,0.4646502644001991,0.9527192075468335,0.11018779989093651,1.0123612570357614,24.828918933868408,13.831787109375,22662,0.2,adaptive_slow_drift,"0,6",0.5644208041754983,0.09977053977529926
FedAvg,0.8098679638637943,0.5305988413691484,0.7298770848047802,0.5305988413691484,0.49386704256033037,0.954845289175466,0.10980215259531491,0.8054006363758254,25.166868209838867,17.28973388671875,22662,0.2,alie_jitter,"0,6",0.4981516167072207,0.004284574146890319
CoordMedian,0.7857678943710911,0.643022551168307,0.757692167492217,0.643022551168307,0.6081117417397196,0.9574527176652632,0.0735588009430211,0.3971227690865633,25.72755002975464,17.28973388671875,22662,0.2,alie_jitter,"0,6",0.6384032484667285,0.030291506727008866
TrimmedMean,0.7876858929812369,0.6520089132060882,0.7652581673888083,0.6520089132060882,0.6235251231179513,0.9585619114240144,0.07390117373260731,0.38983235289318097,26.08122181892395,17.28973388671875,22662,0.2,alie_jitter,"0,6",0.6633467654102335,0.039821642292282244
MultiKrum,0.6002779708130647,0.7102113412848272,0.7152742921779772,0.7102113412848272,0.614065773897528,0.9578347079901564,0.07997463970280132,0.7545838230028756,25.63425850868225,17.28973388671875,22662,0.2,alie_jitter,"0,6",0.5186064982865883,-0.0954592756109397
Async-Stale,0.8061431549687282,0.4917193767844632,0.39658834804437576,0.4917193767844632,0.4328176740456345,0.9292969583813365,0.11162434238997425,1.6251847967270032,20.98642921447754,13.831787109375,22662,0.2,alie_jitter,"0,6",0.43349569551839107,0.0006780214727565848
RawTrust,0.8084503127171647,0.5110858638099882,0.563413196543023,0.5110858638099882,0.46165176640360417,0.9491267752301272,0.1101562306041029,0.9398683337695578,20.172297716140747,13.831787109375,22662,0.2,alie_jitter,"0,6",0.4824162611040084,0.020764494700404257
AgriTrust-ACFL,0.8093398193189715,0.5279840275399723,0.5522681639566084,0.5279840275399723,0.48802840606949244,0.9539535588837058,0.10979334143726471,0.7800698069590201,25.133290767669678,13.831787109375,22662,0.2,alie_jitter,"0,6",0.5644208041754983,0.0763923981060059
FedAvg,0.16984016678248784,0.2973191192423425,0.03980833509682045,0.2973191192423425,0.066527103936442,0.5700451530374903,0.1599739109163459,13.210659282193097,25.793622255325317,17.28973388671875,22662,0.3,sign_flip,"3,8,9",0.4981516167072207,0.4316245127707787
CoordMedian,0.5863238359972203,0.6233573219153037,0.5746711324383492,0.6233573219153037,0.49288095005276983,0.9548751071345248,0.08240923451106279,1.253088025592016,25.928226470947266,17.28973388671875,22662,0.3,sign_flip,"3,8,9",0.6384032484667285,0.14552229841395864
TrimmedMean,0.5829325920778319,0.5978284877783034,0.5830591547491365,0.5978284877783034,0.4538500809685447,0.8899874957667917,0.08294670940920852,3.1274188540794516,26.151058435440063,17.28973388671875,22662,0.3,sign_flip,"3,8,9",0.6633467654102335,0.20949668444168884
MultiKrum,0.5888533703961084,0.6237734922004509,0.7135335189684052,0.6237734922004509,0.49634952390918313,0.9575582128673408,0.08192567197278844,0.9727256325779143,25.71350932121277,17.28973388671875,22662,0.3,sign_flip,"3,8,9",0.5186064982865883,0.022256974377405203
Async-Stale,0.007699791521890201,0.16682751595088738,0.041256374594343996,0.16682751595088738,0.002814359307294322,0.4805944042935324,0.16665638035183217,15.819632591760959,20.035583972930908,13.831787109375,22662,0.3,sign_flip,"3,8,9",0.43349569551839107,0.4306813362110967
RawTrust,0.16825573314801945,0.3116723953149134,0.04000106825047416,0.3116723953149134,0.06689533746898388,0.5212863864328089,0.16011548721460886,13.219644001372881,20.322741270065308,13.831787109375,22662,0.3,sign_flip,"3,8,9",0.4824162611040084,0.4155209236350246
AgriTrust-ACFL,0.587324530924253,0.659109180344578,0.5297096644162497,0.659109180344578,0.5200094218150487,0.9542919747959974,0.0822453425572106,1.677165638581488,24.525736331939697,13.831787109375,22662,0.3,sign_flip,"3,8,9",0.5644208041754983,0.044411382360449614
FedAvg,0.7424322446143155,0.26313987706201775,0.4620145307923466,0.26313987706201775,0.23531738529548216,0.6626532914905505,0.15304949027897063,4.0427587885290635,25.993682146072388,17.28973388671875,22662,0.3,model_replace,"3,8,9",0.4981516167072207,0.26283423141173856
CoordMedian,0.6064489228630994,0.7113985606871834,0.7328484948727904,0.7113985606871834,0.6497975744256476,0.958407617876332,0.07909718603478379,0.542813231671167,25.874675512313843,17.28973388671875,22662,0.3,model_replace,"3,8,9",0.6384032484667285,-0.011394325958919094
TrimmedMean,0.6759416261292565,0.6917336451085979,0.7393226256289411,0.6917336451085979,0.6136637528106802,0.9594972047202798,0.0709375577008033,0.48362087767743883,25.67569088935852,17.28973388671875,22662,0.3,model_replace,"3,8,9",0.6633467654102335,0.04968301259955332
MultiKrum,0.5888533703961084,0.6237734922004509,0.7135335189684052,0.6237734922004509,0.49634952390918313,0.9575582128673408,0.08192567197278844,0.9727256325779143,25.981804847717285,17.28973388671875,22662,0.3,model_replace,"3,8,9",0.5186064982865883,0.022256974377405203
Async-Stale,0.7326754690757471,0.1921241050119332,0.19557334965155504,0.1921241050119332,0.17897778055390026,0.4023183251477504,0.16245056007139666,4.254541305523427,19.957173824310303,13.831787109375,22662,0.3,model_replace,"3,8,9",0.43349569551839107,0.25451791496449083
RawTrust,0.746184850590688,0.2891678806082052,0.22765117941386706,0.2891678806082052,0.25455799330795675,0.8781031644605841,0.15141952627278446,3.3700942755975745,20.974822759628296,13.831787109375,22662,0.3,model_replace,"3,8,9",0.4824162611040084,0.22785826779605167
AgriTrust-ACFL,0.7650034746351633,0.3094458538333879,0.3857212362789219,0.3094458538333879,0.32689117525128486,0.8942781915765271,0.14142294853394569,2.966825176709001,24.851704120635986,13.831787109375,22662,0.3,model_replace,"3,8,9",0.5644208041754983,0.23752962892421348
FedAvg,0.8117303683113273,0.5329831896456375,0.7302746713256104,0.5329831896456375,0.4984258445970104,0.9571572924565781,0.10866862526554245,0.7402081435212364,25.675711393356323,17.28973388671875,22662,0.3,gaussian,"3,8,9",0.4981516167072207,-0.00027422788978970214
CoordMedian,0.6066157053509381,0.6998323162596206,0.7381189737015003,0.6998323162596206,0.6416033961851061,0.958117601030717,0.0789736140207243,0.5233584892876479,25.55029010772705,17.28973388671875,22662,0.3,gaussian,"3,8,9",0.6384032484667285,-0.0032001477183776217
TrimmedMean,0.6766643502432245,0.7162657290391019,0.7488589463884393,0.7162657290391019,0.6740593480817414,0.9595071327593976,0.07059907066474305,0.4760932339025844,25.881900548934937,17.28973388671875,22662,0.3,gaussian,"3,8,9",0.6633467654102335,-0.010712582671507875
MultiKrum,0.5894093120222377,0.6496498089422816,0.5402520909367192,0.6496498089422816,0.5186123038875842,0.956896324102634,0.08188354075429591,1.194767690721773,25.770704746246338,17.28973388671875,22662,0.3,gaussian,"3,8,9",0.5186064982865883,-5.805600995834048e-06
Async-Stale,0.8061987491313413,0.4918833380895952,0.3969684090838032,0.4918833380895952,0.43321234973570477,0.9361207056942386,0.11166429351310103,1.382052907320868,21.321499347686768,13.831787109375,22662,0.3,gaussian,"3,8,9",0.43349569551839107,0.00028334578268629507
RawTrust,0.8095066018068103,0.523480572315464,0.720168209340935,0.523480572315464,0.482192781210717,0.9560925559287919,0.1097166023148299,0.7027497600092577,19.65484094619751,13.831787109375,22662,0.3,gaussian,"3,8,9",0.4824162611040084,0.0002234798932914117
AgriTrust-ACFL,0.8100347463516331,0.5343232258950864,0.7296156193479174,0.5343232258950864,0.4985304997045388,0.9568850459469299,0.10960082726986786,0.6247638585107352,24.998990774154663,13.831787109375,22662,0.3,gaussian,"3,8,9",0.5644208041754983,0.06589030447095956
FedAvg,0.7332314107018763,0.19693406957935924,0.3059958620831949,0.19693406957935924,0.18518076813607387,0.6436027878454024,0.16176236439574784,3.8346526361619246,25.618135452270508,17.28973388671875,22662,0.3,collusive_scale,"3,8,9",0.4981516167072207,0.3129708485711468
CoordMedian,0.8477275886031966,0.6433812637492774,0.8126403539189516,0.6433812637492774,0.6516044721870795,0.9583357217545599,0.07728375756041106,0.36711131549978543,25.804704189300537,17.28973388671875,22662,0.3,collusive_scale,"3,8,9",0.6384032484667285,-0.01320122372035104
TrimmedMean,0.7478526754690757,0.30818643426731945,0.5547658835579652,0.30818643426731945,0.2827877475268823,0.9162885047431509,0.15013224504221284,1.7201235393571925,26.144147634506226,17.28973388671875,22662,0.3,collusive_scale,"3,8,9",0.6633467654102335,0.3805590178833512
MultiKrum,0.5888533703961084,0.6237734922004509,0.7135335189684052,0.6237734922004509,0.49634952390918313,0.9575582128673408,0.08192567197278844,0.9727256325779143,25.705362796783447,17.28973388671875,22662,0.3,collusive_scale,"3,8,9",0.5186064982865883,0.022256974377405203
Async-Stale,0.741264767199444,0.25357995226730307,0.2156571042331669,0.25357995226730307,0.2314737769044891,0.8066304671068556,0.15474334649985635,4.017967978102978,19.95225477218628,13.831787109375,22662,0.3,collusive_scale,"3,8,9",0.43349569551839107,0.20202191861390198
RawTrust,0.8197359277275886,0.5455465278809913,0.725514184866162,0.5455465278809913,0.5188844464861395,0.955785300432404,0.10353378548837879,0.6419779933337953,20.77073097229004,13.831787109375,22662,0.3,collusive_scale,"3,8,9",0.4824162611040084,-0.03646818538213109
AgriTrust-ACFL,0.5908825573314802,0.6714776853891119,0.5014900634622913,0.6714776853891119,0.5131954991741395,0.9580948547015962,0.08162497795755302,0.6514231121914341,24.14928650856018,13.831787109375,22662,0.3,collusive_scale,"3,8,9",0.5644208041754983,0.0512253050013588
FedAvg,0.6036414176511467,0.7434830853108,0.6985937520478278,0.7434830853108,0.6606066712024874,0.9565324634475557,0.07950332753483563,0.5220590180890621,25.98013973236084,17.28973388671875,22662,0.3,adaptive_slow_drift,"3,8,9",0.4981516167072207,-0.1624550544952667
CoordMedian,0.5897984711605282,0.6673147543793251,0.5318562092994586,0.6673147543793251,0.5244062379209883,0.9562248462429697,0.0817511447946058,0.6512685856710096,25.68722128868103,17.28973388671875,22662,0.3,adaptive_slow_drift,"3,8,9",0.6384032484667285,0.11399701054574018
TrimmedMean,0.5959694232105629,0.7076139428136319,0.6832569219763279,0.7076139428136319,0.5984882376584902,0.9576467427591568,0.08072861123499032,0.5743438087606095,25.80240249633789,17.28973388671875,22662,0.3,adaptive_slow_drift,"3,8,9",0.6633467654102335,0.06485852775174328
MultiKrum,0.5902432244614315,0.6374060070721077,0.62166859802834,0.6374060070721077,0.5129242871695574,0.9545691769288345,0.08164298268411306,0.6151504213130196,25.644453048706055,17.28973388671875,22662,0.3,adaptive_slow_drift,"3,8,9",0.5186064982865883,0.005682211117030933
Async-Stale,0.7101042390548993,0.7157514333683873,0.6696871455910074,0.7157514333683873,0.6684917213087851,0.9540390892619105,0.0748246788041347,0.4592109468716694,19.497210025787354,13.831787109375,22662,0.3,adaptive_slow_drift,"3,8,9",0.43349569551839107,-0.23499602579039403
RawTrust,0.6525086865879083,0.6966309727695631,0.7087570566872702,0.6966309727695631,0.6076697051511002,0.9584333414012942,0.07432753277959946,0.4774128398503128,20.906213521957397,13.831787109375,22662,0.3,adaptive_slow_drift,"3,8,9",0.4824162611040084,-0.12525344404709177
AgriTrust-ACFL,0.5907157748436415,0.672699280105136,0.5139686769677124,0.672699280105136,0.5215279226921476,0.9580042543570241,0.08165474806741924,0.7118496030172792,24.570302724838257,13.831787109375,22662,0.3,adaptive_slow_drift,"3,8,9",0.5644208041754983,0.04289288148335069
FedAvg,0.603780403057679,0.7446594126729575,0.699142598124635,0.7446594126729575,0.6616887822778056,0.9569837126201044,0.07947691816838678,0.5127379359977959,25.573610305786133,17.28973388671875,22662,0.3,alie_jitter,"3,8,9",0.4981516167072207,-0.1635371655705849
CoordMedian,0.5901320361362057,0.6681518267391701,0.6540189346873592,0.6681518267391701,0.5248162417079684,0.9567229010036319,0.08169089260108213,0.6324713017322795,25.73734211921692,17.28973388671875,22662,0.3,alie_jitter,"3,8,9",0.6384032484667285,0.1135870067587601
TrimmedMean,0.5971091035441278,0.7137094295338846,0.6855502079216826,0.7137094295338846,0.6102468434991005,0.9581429557514936,0.08053428829957449,0.5772029932913063,25.29539203643799,17.28973388671875,22662,0.3,alie_jitter,"3,8,9",0.6633467654102335,0.053099921911133
MultiKrum,0.5888255733148019,0.6285044949140871,0.6500258087639496,0.6285044949140871,0.5044028484828529,0.9566796922632644,0.08192499862162815,0.8461233804036635,25.95136833190918,17.28973388671875,22662,0.3,alie_jitter,"3,8,9",0.5186064982865883,0.014203649803735452
Async-Stale,0.7293954134815844,0.7126344700515953,0.6687955573588714,0.7126344700515953,0.6679575314227443,0.9537451122949046,0.07267623625237898,0.4528018353050936,20.890864610671997,13.831787109375,22662,0.3,alie_jitter,"3,8,9",0.43349569551839107,-0.2344618359043532
RawTrust,0.7620847810979847,0.6814288894208725,0.7163246360658794,0.6814288894208725,0.6533440587582844,0.9571339413128485,0.07244174804113503,0.428403518097995,19.665054082870483,13.831787109375,22662,0.3,alie_jitter,"3,8,9",0.4824162611040084,-0.17092779765427596
AgriTrust-ACFL,0.6798888116747741,0.7201775306311072,0.6678628507664155,0.7201775306311072,0.6461719277853065,0.9551770710053707,0.07383984597351194,0.455489245060356,24.890584230422974,13.831787109375,22662,0.3,alie_jitter,"3,8,9",0.5644208041754983,-0.08175112360980819
FedAvg,0.007533009034051424,0.16666666666666666,0.0012555015056752374,0.16666666666666666,0.0024922290275708587,0.5,0.16666666666666666,15.822291022395778,25.594794750213623,17.28973388671875,22662,0.4,sign_flip,"3,4,6,8",0.4981516167072207,0.49565938767964984
CoordMedian,0.583238359972203,0.6189196332121812,0.48035629282467823,0.6189196332121812,0.45995100127218397,0.9514232252392119,0.08287662092101454,1.3486314624850582,25.723891973495483,17.28973388671875,22662,0.4,sign_flip,"3,4,6,8",0.6384032484667285,0.1784522471945445
TrimmedMean,0.549186935371786,0.5680473991126176,0.40299237003616967,0.5680473991126176,0.3774975739773098,0.7796066997251426,0.08886280466598158,3.012109769383476,25.700639009475708,17.28973388671875,22662,0.4,sign_flip,"3,4,6,8",0.6633467654102335,0.2858491914329237
MultiKrum,0.5974426685198054,0.7167836152320263,0.6589778225576534,0.7167836152320263,0.6050033575017736,0.9590936592814395,0.08045698505099334,0.7807602313155065,24.796229600906372,17.28973388671875,22662,0.4,sign_flip,"3,4,6,8",0.5186064982865883,-0.08639685921518525
Async-Stale,0.007533009034051424,0.16666666666666666,0.00125599028577255,0.16666666666666666,0.0024931920217855304,0.48786057770174013,0.16667972479934248,15.822291022395778,20.30614972114563,13.831787109375,22662,0.4,sign_flip,"3,4,6,8",0.43349569551839107,0.4310025034966055
RawTrust,0.10599027102154274,0.26044496491289504,0.03258438828247479,0.26044496491289504,0.05094213974752606,0.4796466268936221,0.16555114057496323,13.788496681426437,19.713672637939453,13.831787109375,22662,0.4,sign_flip,"3,4,6,8",0.4824162611040084,0.4314741213564824
AgriTrust-ACFL,0.5813481584433634,0.6215496497606932,0.4920508256000364,0.6215496497606932,0.4668166605175663,0.7897929235420267,0.08334241284659001,1.239030528703218,24.737059354782104,13.831787109375,22662,0.4,sign_flip,"3,4,6,8",0.5644208041754983,0.09760414365793202
FedAvg,0.7456567060458652,0.3021704587312752,0.3255702325070338,0.3021704587312752,0.27725011877762895,0.8413921639446852,0.15001295104110693,3.901816423407948,25.720009088516235,17.28973388671875,22662,0.4,model_replace,"3,4,6,8",0.4981516167072207,0.22090149792959174
CoordMedian,0.6095899930507297,0.7165820848415009,0.7389570149771671,0.7165820848415009,0.654237131190365,0.9586817189086415,0.0785062243305215,0.5135101309918031,25.77245783805847,17.28973388671875,22662,0.4,model_replace,"3,4,6,8",0.6384032484667285,-0.015833882723636505
TrimmedMean,0.8253231410701877,0.6491776313903153,0.7278078527990034,0.6491776313903153,0.5821226514620276,0.959605054737723,0.09552943430741702,0.3630237960620177,25.797109603881836,17.28973388671875,22662,0.4,model_replace,"3,4,6,8",0.6633467654102335,0.08122411394820594
MultiKrum,0.5974426685198054,0.7167836152320263,0.6589778225576534,0.7167836152320263,0.6050033575017736,0.9590936614564519,0.08045698505099334,0.7807602676792117,25.929553031921387,17.28973388671875,22662,0.4,model_replace,"3,4,6,8",0.5186064982865883,-0.08639685921518525
Async-Stale,0.733815149409312,0.20027844073190135,0.19993409064972,0.20027844073190135,0.18821374944125957,0.5522718615791764,0.1613538433807429,4.231156202274808,19.59744429588318,13.831787109375,22662,0.4,model_replace,"3,4,6,8",0.43349569551839107,0.2452819460771315
RawTrust,0.7595830437804031,0.3365565082864119,0.3956382226601393,0.3365565082864119,0.3170019979528913,0.8755207219222303,0.1425703695363044,3.0757987690278608,20.949095726013184,13.831787109375,22662,0.4,model_replace,"3,4,6,8",0.4824162611040084,0.16541426315111712
AgriTrust-ACFL,0.8192911744266852,0.5732588674504263,0.6404452397449548,0.5732588674504263,0.5445574069420526,0.944129011924395,0.09664100117973583,0.4293259909100491,24.61057758331299,13.831787109375,22662,0.4,model_replace,"3,4,6,8",0.5644208041754983,0.019863397233445768
FedAvg,0.8121473245309243,0.5333853128561892,0.7303370812059384,0.5333853128561892,0.49924605532372685,0.957411649221488,0.10841208344922638,0.7337950409827391,25.032302141189575,17.28973388671875,22662,0.4,gaussian,"3,4,6,8",0.4981516167072207,-0.0010944386165061548
CoordMedian,0.6061987491313412,0.7015009677014885,0.7395359785215813,0.7015009677014885,0.6397638860515722,0.9582218924054399,0.07908718126654794,0.5307508374451725,25.771656274795532,17.28973388671875,22662,0.4,gaussian,"3,4,6,8",0.6384032484667285,-0.0013606375848437269
TrimmedMean,0.674412786657401,0.7136922300761861,0.7481295333697712,0.7136922300761861,0.6685538440351474,0.959489146770797,0.07086072461774898,0.4801869805023058,25.604004859924316,17.28973388671875,22662,0.4,gaussian,"3,4,6,8",0.6633467654102335,-0.0052070786249138745
MultiKrum,0.5893815149409312,0.6492180300130933,0.54065154071509,0.6492180300130933,0.5186062590704336,0.9568093234732044,0.08187765452008428,1.1967254607992597,25.693079233169556,17.28973388671875,22662,0.4,gaussian,"3,4,6,8",0.5186064982865883,2.392161547737359e-07
Async-Stale,0.8063933287004864,0.49245720265755716,0.39699723057878233,0.49245720265755716,0.43353018709455143,0.938553689380976,0.11154457399882019,1.3565662854252056,20.25339102745056,13.831787109375,22662,0.4,gaussian,"3,4,6,8",0.43349569551839107,-3.449157616036702e-05
RawTrust,0.8097011813759555,0.5254328236217956,0.7226626946213006,0.5254328236217956,0.4852662134238169,0.9564051514785047,0.10962160170009427,0.6844616495589358,19.961371421813965,13.831787109375,22662,0.4,gaussian,"3,4,6,8",0.4824162611040084,-0.0028499523198084464
AgriTrust-ACFL,0.8101459346768589,0.5374123567643742,0.730031728900133,0.5374123567643742,0.5027955842907392,0.9573396889053086,0.10956949446816805,0.6227688044120062,25.21237325668335,13.831787109375,22662,0.4,gaussian,"3,4,6,8",0.5644208041754983,0.06162521988475911
FedAvg,0.7335927727588604,0.20913964171987956,0.3895321098345537,0.20913964171987956,0.2019349520860433,0.6013187016365082,0.15958900685338356,4.103590348015809,25.508415937423706,17.28973388671875,22662,0.4,collusive_scale,"3,4,6,8",0.4981516167072207,0.29621666462117735
CoordMedian,0.8297706740792217,0.580035379698456,0.8949115054130843,0.580035379698456,0.5707449306135536,0.9584989796341633,0.09788548452030905,0.3930536183811275,25.212783098220825,17.28973388671875,22662,0.4,collusive_scale,"3,4,6,8",0.6384032484667285,0.06765831785317489
TrimmedMean,0.7358165392633773,0.21413062746308817,0.3728127467355445,0.21413062746308817,0.20242611369529653,0.8898295916864655,0.15959098632220406,3.334002083841382,25.001956939697266,17.28973388671875,22662,0.4,collusive_scale,"3,4,6,8",0.6633467654102335,0.460920651714937
MultiKrum,0.5974426685198054,0.7167836152320263,0.6589778225576534,0.7167836152320263,0.6050033575017736,0.9590936663466886,0.08045698505099334,0.7807602229193018,25.31926679611206,17.28973388671875,22662,0.4,collusive_scale,"3,4,6,8",0.5186064982865883,-0.08639685921518525
Async-Stale,0.7341487143849896,0.20266507557677008,0.2034557126792639,0.20266507557677008,0.19118693135992126,0.7632323462133659,0.16118568827700785,4.214261919042434,20.803197145462036,13.831787109375,22662,0.4,collusive_scale,"3,4,6,8",0.43349569551839107,0.2423087641584698
RawTrust,0.8083113273106324,0.5068691554596519,0.5645725687281011,0.5068691554596519,0.4551518915915797,0.9399575637374175,0.11048807614149231,1.1011557043235847,19.6144540309906,13.831787109375,22662,0.4,collusive_scale,"3,4,6,8",0.4824162611040084,0.02726436951242872
AgriTrust-ACFL,0.5915774843641418,0.6777874583471956,0.5131804109226469,0.6777874583471956,0.5233334512977007,0.9581660286391962,0.08157048421118375,0.5432516521866557,24.96673560142517,13.831787109375,22662,0.4,collusive_scale,"3,4,6,8",0.5644208041754983,0.041087352877797634
FedAvg,0.6036970118137596,0.7431635697712555,0.7004852071172025,0.7431635697712555,0.6601554848122825,0.9566641197516429,0.07949215604777912,0.5228276532622164,25.790344715118408,17.28973388671875,22662,0.4,adaptive_slow_drift,"3,4,6,8",0.4981516167072207,-0.1620038681050618
CoordMedian,0.5892147324530924,0.678577488870451,0.6528894840408784,0.678577488870451,0.5161857976521048,0.9559089509231367,0.08183455148857535,0.5543341197202918,25.559297800064087,17.28973388671875,22662,0.4,adaptive_slow_drift,"3,4,6,8",0.6384032484667285,0.12221745081462365
TrimmedMean,0.5998888116747741,0.7357523581885652,0.6753977254878892,0.7357523581885652,0.6368560269568946,0.9564488597250262,0.08006789295836829,0.5613286028664962,25.897656679153442,17.28973388671875,22662,0.4,adaptive_slow_drift,"3,4,6,8",0.6633467654102335,0.026490738453338936
MultiKrum,0.8242390548992355,0.573030937802436,0.7833729679701813,0.573030937802436,0.539837033577905,0.9440257106218662,0.098387270681141,0.5413081837427856,25.457222938537598,17.28973388671875,22662,0.4,adaptive_slow_drift,"3,4,6,8",0.5186064982865883,-0.021230535291316688
Async-Stale,0.7139402362751911,0.7178665744336943,0.670903389056941,0.7178665744336943,0.6734346677546671,0.953544468005398,0.0747034960995265,0.4601520366092689,19.73805832862854,13.831787109375,22662,0.4,adaptive_slow_drift,"3,4,6,8",0.43349569551839107,-0.23993897223627603
RawTrust,0.6520083391243919,0.677818163379719,0.7100486081188095,0.677818163379719,0.5763571860786031,0.9583147364269634,0.07464702472702678,0.4785894635265501,20.832165479660034,13.831787109375,22662,0.4,adaptive_slow_drift,"3,4,6,8",0.4824162611040084,-0.09394092497459466
AgriTrust-ACFL,0.5904933981931897,0.6716128642776064,0.5009384896924178,0.6716128642776064,0.5127119517820747,0.9580774642845032,0.08168115093985986,0.6717720895860477,24.111605405807495,13.831787109375,22662,0.4,adaptive_slow_drift,"3,4,6,8",0.5644208041754983,0.0517088523934236
FedAvg,0.6036136205698401,0.7414303625054717,0.699810068560612,0.7414303625054717,0.6593650278261997,0.957020639242211,0.07950931980295818,0.520283510583001,25.511118173599243,17.28973388671875,22662,0.4,alie_jitter,"3,4,6,8",0.4981516167072207,-0.16121341111897897
CoordMedian,0.5991938846421125,0.729857848611218,0.6669708757910869,0.729857848611218,0.6326377477526306,0.9568554693326602,0.08015807071292312,0.5295299114082962,25.75653052330017,17.28973388671875,22662,0.4,alie_jitter,"3,4,6,8",0.6384032484667285,0.005765500714097871
TrimmedMean,0.600778318276581,0.7383407345844292,0.6777574329098582,0.7383407345844292,0.6431889832391583,0.9572865876219794,0.07993634415922492,0.5605813478806283,25.492971658706665,17.28973388671875,22662,0.4,alie_jitter,"3,4,6,8",0.6633467654102335,0.020157782171075223
MultiKrum,0.8248227936066713,0.5781877731826088,0.7827096375344,0.5781877731826088,0.5545033380298522,0.943846991259698,0.09842485257145268,0.5438708201177306,25.788461685180664,17.28973388671875,22662,0.4,alie_jitter,"3,4,6,8",0.5186064982865883,-0.03589683974326385
Async-Stale,0.7262265462126477,0.7255626657653537,0.6754490354223178,0.7255626657653537,0.6829955890571235,0.9537764329226014,0.07285268924868847,0.4581010339540484,19.420506954193115,13.831787109375,22662,0.4,alie_jitter,"3,4,6,8",0.43349569551839107,-0.24949989353873248
RawTrust,0.7735649756775539,0.6717636442122616,0.7238187641007893,0.6717636442122616,0.6387295107344486,0.956947562593195,0.07201957439562877,0.4255338723161019,20.8708016872406,13.831787109375,22662,0.4,alie_jitter,"3,4,6,8",0.4824162611040084,-0.1563132496304402
AgriTrust-ACFL,0.6860875608061153,0.7162627547236052,0.6559602089143132,0.7162627547236052,0.6354035986704487,0.9529867737636167,0.07332888626843556,0.4648714903007989,24.797733783721924,13.831787109375,22662,0.4,alie_jitter,"3,4,6,8",0.5644208041754983,-0.07098279449495037
