GateMode,NoiseSigmaProxy,MaxStaleness,ClientRounds,MeanTrust,MinTrust,FalseQuarantineRate,MinAdmittedPerRound,Tau_cal,MeanEffectiveThreshold,ValMacroF1
absolute,0.0,0,47,0.6795090500212205,0.5330897519762378,0.14893617021276595,4,0.6079962196126982,0.6079962196126981,0.581158398149258
absolute,0.0,1,47,0.6801465127898113,0.5330897519762378,0.14893617021276595,3,0.6079962196126982,0.6079962196126981,0.5749152671986697
absolute,0.0,2,47,0.6703734524194901,0.4920351901227196,0.2127659574468085,3,0.6079962196126982,0.6079962196126981,0.5739357433386982
absolute,0.0,4,47,0.6695177522678035,0.45587623817223005,0.2127659574468085,3,0.6079962196126982,0.6079962196126981,0.5418549666286244
absolute,0.0,6,47,0.6694424937671654,0.45587623817223005,0.2127659574468085,3,0.6079962196126982,0.6079962196126981,0.5264861246514365
absolute,0.1,0,47,0.6798547383657904,0.5344161175576934,0.14893617021276595,4,0.6079962196126982,0.6079962196126981,0.5812999034919033
absolute,0.1,1,47,0.6805791170432738,0.5344161175576934,0.14893617021276595,3,0.6079962196126982,0.6079962196126981,0.5766706734389356
absolute,0.1,2,47,0.671122447802801,0.4932845798093143,0.2127659574468085,3,0.6079962196126982,0.6079962196126981,0.5739357433386982
absolute,0.1,4,47,0.6702185967693077,0.4570111580472743,0.2127659574468085,3,0.6079962196126982,0.6079962196126981,0.5442955251677536
absolute,0.1,6,47,0.6701315265765654,0.4570111580472743,0.2127659574468085,3,0.6079962196126982,0.6079962196126981,0.5264861246514365
absolute,0.25,0,47,0.6809064179138148,0.5400833614739878,0.14893617021276595,4,0.6079962196126982,0.6079962196126981,0.5814412910066015
absolute,0.25,1,47,0.681995632312604,0.5400833614739878,0.14893617021276595,3,0.6079962196126982,0.6079962196126981,0.5767999627204828
absolute,0.25,2,47,0.6732830772044156,0.4963875546670256,0.2127659574468085,3,0.6079962196126982,0.6079962196126981,0.5740500266399197
absolute,0.25,4,47,0.672023583303664,0.4593003016289709,0.2127659574468085,3,0.6079962196126982,0.6079962196126981,0.544436791618035
absolute,0.25,6,47,0.6719269230972763,0.4593003016289709,0.2127659574468085,3,0.6079962196126982,0.6079962196126981,0.5319699359424924
absolute,0.5,0,47,0.6987374439868235,0.552086076152529,0.1276595744680851,3,0.6079962196126982,0.6079962196126981,0.5780028438559959
absolute,0.5,1,47,0.6844384939749735,0.552086076152529,0.14893617021276595,3,0.6079962196126982,0.6079962196126981,0.5775878145651573
absolute,0.5,2,47,0.6771665445585862,0.5054636292867131,0.19148936170212766,3,0.6079962196126982,0.6079962196126981,0.5235804990438706
absolute,0.5,4,47,0.6737512050872939,0.46111455937369145,0.2127659574468085,3,0.6079962196126982,0.6079962196126981,0.5445533265290169
absolute,0.5,6,47,0.6736664826027597,0.46111455937369145,0.2127659574468085,3,0.6079962196126982,0.6079962196126981,0.5319453219153606
absolute,0.75,0,47,0.6957613017400436,0.5612788562512512,0.10638297872340426,4,0.6079962196126982,0.6079962196126981,0.5796508984460687
absolute,0.75,1,47,0.6849121929221366,0.5612788562512512,0.1276595744680851,4,0.6079962196126982,0.6079962196126981,0.5595516850959068
absolute,0.75,2,47,0.6779380765291129,0.5182956841086837,0.19148936170212766,3,0.6079962196126982,0.6079962196126981,0.5235943012817245
absolute,0.75,4,47,0.6742934842788261,0.46331297763122087,0.2127659574468085,3,0.6079962196126982,0.6079962196126981,0.5468143722488331
absolute,0.75,6,47,0.6742043633703416,0.46331297763122087,0.2127659574468085,3,0.6079962196126982,0.6079962196126981,0.5290142513622923
hybrid,0.0,0,47,0.6849266385473981,0.5330897519762378,0.10638297872340426,4,0.6079962196126982,0.5708652126974969,0.5816757646617488
hybrid,0.0,1,47,0.6850625963116771,0.5330897519762378,0.10638297872340426,3,0.6079962196126982,0.56215794943661,0.5602921913661263
hybrid,0.0,2,47,0.681015629780035,0.5319589685534796,0.0851063829787234,3,0.6079962196126982,0.5596999539664136,0.5735744552485617
hybrid,0.0,4,47,0.6806535560821645,0.5330897519762378,0.06382978723404255,3,0.6079962196126982,0.5561048108013998,0.4905316754296622
hybrid,0.0,6,47,0.6808234082136214,0.5330897519762378,0.06382978723404255,3,0.6079962196126982,0.5586301516515537,0.4757316884256
hybrid,0.1,0,47,0.6852428749938254,0.5344161175576934,0.10638297872340426,4,0.6079962196126982,0.5711667938908846,0.5815400575826558
hybrid,0.1,1,47,0.6853330305720612,0.5344161175576934,0.10638297872340426,3,0.6079962196126982,0.5625668990254017,0.5604436550079231
hybrid,0.1,2,47,0.6813276624676753,0.5333539312843651,0.0851063829787234,3,0.6079962196126982,0.5599321069241293,0.5735744552485617
hybrid,0.1,4,47,0.6810299729995617,0.5344161175576934,0.06382978723404255,3,0.6079962196126982,0.5564269775742996,0.4905316754296622
hybrid,0.1,6,47,0.6811596533550642,0.5344161175576934,0.06382978723404255,3,0.6079962196126982,0.5589277819642788,0.4757316884256
hybrid,0.25,0,47,0.6860088741078382,0.5400833614739878,0.0851063829787234,4,0.6079962196126982,0.5712742756385297,0.5815152585985413
hybrid,0.25,1,47,0.6869831133725296,0.5359767215567809,0.0851063829787234,3,0.6079962196126982,0.5662893356831084,0.5821063835154463
hybrid,0.25,2,47,0.6823167906116656,0.5399976901021639,0.0851063829787234,3,0.6079962196126982,0.5601874001123239,0.5734111549084043
hybrid,0.25,4,47,0.682203208281418,0.5400833614739878,0.06382978723404255,3,0.6079962196126982,0.5570476685796958,0.4905316754296622
hybrid,0.25,6,47,0.6821913920761843,0.5400833614739878,0.06382978723404255,3,0.6079962196126982,0.5593005180114977,0.47556669937061297
hybrid,0.5,0,47,0.6854752767556241,0.552086076152529,0.06382978723404255,4,0.6079962196126982,0.568560383075204,0.580309550802494
hybrid,0.5,1,47,0.6883147999977214,0.552086076152529,0.0425531914893617,4,0.6079962196126982,0.5629244314104742,0.5864155854973621
hybrid,0.5,2,47,0.6855506545467848,0.552086076152529,0.0425531914893617,3,0.6079962196126982,0.5602357965037866,0.5546747478145952
hybrid,0.5,4,47,0.6845064824907604,0.552086076152529,0.02127659574468085,4,0.6079962196126982,0.5594457311845028,0.4607347904805406
hybrid,0.5,6,47,0.6846678098291669,0.552086076152529,0.02127659574468085,4,0.6079962196126982,0.560917189670033,0.45690641893255207
hybrid,0.75,0,47,0.6903401803989616,0.5612788562512512,0.0425531914893617,4,0.6079962196126982,0.5691495511824864,0.5799039990858744
hybrid,0.75,1,47,0.688628510535312,0.5612788562512512,0.02127659574468085,4,0.6079962196126982,0.5609829242891909,0.5614043948324805
hybrid,0.75,2,47,0.6853511391693347,0.5612788562512512,0.02127659574468085,4,0.6079962196126982,0.5581484152865446,0.5214165578125428
hybrid,0.75,4,47,0.6847619612785782,0.5612788562512512,0.02127659574468085,4,0.6079962196126982,0.5565119741036494,0.4547477822860965
hybrid,0.75,6,47,0.6848921022039618,0.5612788562512512,0.02127659574468085,4,0.6079962196126982,0.5579695077604273,0.4543995525522932
