Scenario,Method,Metric,NSeeds,Mean,SD,CI95_Low,CI95_High
clean,AgriTrust-ACFL,MacroAUROC,10,0.9582363232851995,0.0012979895309137353,0.9573077975103598,0.9591648490600392
clean,AgriTrust-ACFL,MacroF1,10,0.5826241418241132,0.0605210491395429,0.5393299913644815,0.6259182922837448
clean,AgriTrust-ACFL,MacroFPR,10,0.08617660719321332,0.012040143970146543,0.07756360705507512,0.09478960733135153
clean,Async-Stale,MacroAUROC,10,0.9477644587086018,0.00935541289358884,0.9410719994868006,0.954456917930403
clean,Async-Stale,MacroF1,10,0.4979032239844021,0.053153901988574184,0.4598792131166482,0.535927234852156
clean,Async-Stale,MacroFPR,10,0.10704450750032898,0.005389952846589265,0.10318876750856984,0.11090024749208813
clean,CoordMedian,MacroAUROC,10,0.9576401342841498,0.001734318239422146,0.9563994777543977,0.958880790813902
clean,CoordMedian,MacroF1,10,0.6622637885287166,0.0056881271261626865,0.6581947475068765,0.6663328295505567
clean,CoordMedian,MacroFPR,10,0.07813008293352872,0.0006940217826450951,0.07763360965840721,0.07862655620865022
clean,FedAvg,MacroAUROC,10,0.9592911862441513,0.001545701993604793,0.9581854576484262,0.9603969148398764
clean,FedAvg,MacroF1,10,0.550659044013993,0.005200543239190624,0.546938799492947,0.554379288535039
clean,FedAvg,MacroFPR,10,0.10002545992604255,0.000537710100738766,0.09964080529205939,0.1004101145600257
clean,FedProx,MacroAUROC,10,0.9587255791352518,0.0012840812885626474,0.9578070027176281,0.9596441555528755
clean,FedProx,MacroF1,10,0.5954917495043233,0.006359977838377718,0.590942095435707,0.6000414035729396
clean,FedProx,MacroFPR,10,0.0967766643968587,0.0007086397442114736,0.09626973406197921,0.09728359473173818
clean,MultiKrum,MacroAUROC,10,0.9584987845409391,0.0005035506156173811,0.9581385661305425,0.9588590029513356
clean,MultiKrum,MacroF1,10,0.5292801356596717,0.004720079901827091,0.5259035939050829,0.5326566774142605
clean,MultiKrum,MacroFPR,10,0.08155112617312935,0.00012900171034145583,0.08145884390875228,0.0816434084375064
clean,RawTrust,MacroAUROC,10,0.9586928169925798,0.002445016071226746,0.9569437578607752,0.9604418761243844
clean,RawTrust,MacroF1,10,0.5622303723660456,0.06249820843315605,0.5175218473514887,0.6069388973806025
clean,RawTrust,MacroFPR,10,0.09227667551979936,0.012748575967108133,0.08315689366021158,0.10139645737938714
clean,TrimmedMean,MacroAUROC,10,0.9590087546614491,0.0018835311892223565,0.9576613576175944,0.9603561517053038
clean,TrimmedMean,MacroF1,10,0.6765660459951832,0.006858705359785337,0.6716596237499215,0.6814724682404449
clean,TrimmedMean,MacroFPR,10,0.07590215409825538,0.001950328386446856,0.07450697321806551,0.07729733497844524
adaptive_slow_drift@0.3,AgriTrust-ACFL,MacroAUROC,10,0.9567626512975144,0.0030582607274619324,0.9545749033658115,0.9589503992292172
adaptive_slow_drift@0.3,AgriTrust-ACFL,MacroF1,10,0.5643366399863543,0.06437801247241876,0.5182833841704061,0.6103898958023025
adaptive_slow_drift@0.3,AgriTrust-ACFL,MacroFPR,10,0.09426458590295819,0.010886934732143637,0.08647654195727493,0.10205262984864145
adaptive_slow_drift@0.3,Async-Stale,MacroAUROC,10,0.9512493580544895,0.010044813887226346,0.9440637310708946,0.9584349850380844
adaptive_slow_drift@0.3,Async-Stale,MacroF1,10,0.5260254070101914,0.054870881597807716,0.4867731429215311,0.5652776710988516
adaptive_slow_drift@0.3,Async-Stale,MacroFPR,10,0.10162579406642465,0.010424850346974187,0.09416830537682172,0.10908328275602758
adaptive_slow_drift@0.3,CoordMedian,MacroAUROC,10,0.9536609512853449,0.0035037440969525203,0.9511545237487741,0.9561673788219157
adaptive_slow_drift@0.3,CoordMedian,MacroF1,10,0.5618708918139237,0.06673389685341688,0.5141323378363184,0.609609445791529
adaptive_slow_drift@0.3,CoordMedian,MacroFPR,10,0.08087645968674417,0.012097878559992276,0.07222215871104543,0.08953076066244292
adaptive_slow_drift@0.3,FedAvg,MacroAUROC,10,0.9541728613663109,0.005046386477730468,0.9505628939491801,0.9577828287834416
adaptive_slow_drift@0.3,FedAvg,MacroF1,10,0.5352994463045863,0.06257024187353614,0.49053939167099136,0.5800595009381811
adaptive_slow_drift@0.3,FedAvg,MacroFPR,10,0.10120031239179003,0.008361070702025806,0.09521916272363909,0.10718146205994097
adaptive_slow_drift@0.3,MultiKrum,MacroAUROC,10,0.9502412473756208,0.004027316542245149,0.9473602786745247,0.9531222160767169
adaptive_slow_drift@0.3,MultiKrum,MacroF1,10,0.5511117168222122,0.049376750751690464,0.5157897171767254,0.5864337164676989
adaptive_slow_drift@0.3,MultiKrum,MacroFPR,10,0.07883502509517498,0.00800816234329102,0.07310633085862599,0.08456371933172398
adaptive_slow_drift@0.3,RawTrust,MacroAUROC,10,0.9553196438559336,0.0066679634204145945,0.9505496701742624,0.9600896175376048
adaptive_slow_drift@0.3,RawTrust,MacroF1,10,0.5508068228718317,0.05955365139519081,0.5082047070694597,0.5934089386742036
adaptive_slow_drift@0.3,RawTrust,MacroFPR,10,0.09555459869892577,0.00991979132425593,0.08845840746915606,0.10265078992869547
adaptive_slow_drift@0.3,TrimmedMean,MacroAUROC,10,0.9547447990738966,0.0027293452685127235,0.9527923430872395,0.9566972550605538
adaptive_slow_drift@0.3,TrimmedMean,MacroF1,10,0.6211015156930333,0.04486494008784572,0.5890070709644397,0.6531959604216269
adaptive_slow_drift@0.3,TrimmedMean,MacroFPR,10,0.07831351703576911,0.00819896719347269,0.07244832923194658,0.08417870483959164
collusive_scale@0.3,AgriTrust-ACFL,MacroAUROC,10,0.9572237742446715,0.002723463812353821,0.9552755255982949,0.9591720228910482
collusive_scale@0.3,AgriTrust-ACFL,MacroF1,10,0.5621068521491879,0.06559022777658388,0.5151864297438603,0.6090272745545154
collusive_scale@0.3,AgriTrust-ACFL,MacroFPR,10,0.0952371809113206,0.01296405450584272,0.08596325499095676,0.10451110683168445
collusive_scale@0.3,Async-Stale,MacroAUROC,10,0.9039071335168538,0.06926825191537052,0.8543556111434535,0.9534586558902541
collusive_scale@0.3,Async-Stale,MacroF1,10,0.40957411674856664,0.10987755106048147,0.33097245178436474,0.48817578171276854
collusive_scale@0.3,Async-Stale,MacroFPR,10,0.11063587198120814,0.02858662779692553,0.09018623036775922,0.13108551359465706
collusive_scale@0.3,CoordMedian,MacroAUROC,10,0.9569150754898443,0.0022040278600334745,0.9553384089391787,0.95849174204051
collusive_scale@0.3,CoordMedian,MacroF1,10,0.637872435140513,0.04030805100508026,0.6090377924870986,0.6667070777939273
collusive_scale@0.3,CoordMedian,MacroFPR,10,0.08027353624278695,0.006449122724943905,0.07566011176393199,0.08488696072164191
collusive_scale@0.3,FedAvg,MacroAUROC,10,0.9166616747323143,0.06485560622406757,0.8702667689278673,0.9630565805367614
collusive_scale@0.3,FedAvg,MacroF1,10,0.4928835684583091,0.08724906500445269,0.4304693472663483,0.55529778965027
collusive_scale@0.3,FedAvg,MacroFPR,10,0.10086274083750277,0.017006283634650426,0.0886971783942591,0.11302830328074644
collusive_scale@0.3,MultiKrum,MacroAUROC,10,0.9585518994596367,0.0008484505402926805,0.9579449545062488,0.9591588444130246
collusive_scale@0.3,MultiKrum,MacroF1,10,0.6043669753891081,0.06009929964534865,0.5613745263427453,0.6473594244354709
collusive_scale@0.3,MultiKrum,MacroFPR,10,0.08062751584315898,0.01218943741990184,0.0719077176047195,0.08934731408159846
collusive_scale@0.3,RawTrust,MacroAUROC,10,0.9547767509466775,0.005073793747623679,0.9511471775497544,0.9584063243436005
collusive_scale@0.3,RawTrust,MacroF1,10,0.5725292488854735,0.07037355237321187,0.5221870421963642,0.6228714555745828
collusive_scale@0.3,RawTrust,MacroFPR,10,0.09150639298434318,0.017883792052305295,0.0787130988344672,0.10429968713421917
collusive_scale@0.3,TrimmedMean,MacroAUROC,10,0.9376271241631711,0.01420466535921691,0.9274657187012019,0.9477885296251403
collusive_scale@0.3,TrimmedMean,MacroF1,10,0.5156867257667699,0.07243079005434884,0.4638728598951999,0.5675005916383399
collusive_scale@0.3,TrimmedMean,MacroFPR,10,0.09104425497507529,0.01828795344850851,0.07796184117929145,0.10412666877085913
model_replace@0.3,AgriTrust-ACFL,MacroAUROC,10,0.9489889609147408,0.02518793194133247,0.9309705998529444,0.9670073219765373
model_replace@0.3,AgriTrust-ACFL,MacroF1,10,0.5439456117671079,0.0741574405003351,0.49089657457477376,0.596994648959442
model_replace@0.3,AgriTrust-ACFL,MacroFPR,10,0.09764348485163979,0.01134797826974613,0.08952563022737128,0.1057613394759083
model_replace@0.3,Async-Stale,MacroAUROC,10,0.8529812593088749,0.12321370844107822,0.7648394820631158,0.941123036554634
model_replace@0.3,Async-Stale,MacroF1,10,0.4055197826994318,0.11072576198099307,0.3263113441955072,0.48472822120335635
model_replace@0.3,Async-Stale,MacroFPR,10,0.1103946252130219,0.022066192996768246,0.09460942166391219,0.1261798287621316
model_replace@0.3,CoordMedian,MacroAUROC,10,0.9568706022778288,0.002090737621857504,0.9553749786814234,0.9583662258742343
model_replace@0.3,CoordMedian,MacroF1,10,0.6350735225937664,0.023721416749059688,0.618104243302499,0.6520428018850337
model_replace@0.3,CoordMedian,MacroFPR,10,0.07896692918826197,0.0008532753197246555,0.07835653279558752,0.07957732558093641
model_replace@0.3,FedAvg,MacroAUROC,10,0.8987379646701893,0.06936176515540861,0.8491195469547264,0.9483563823856522
model_replace@0.3,FedAvg,MacroF1,10,0.4180708419212582,0.19915521512009401,0.2756037834215055,0.5605379004210109
model_replace@0.3,FedAvg,MacroFPR,10,0.12272600044736308,0.03430376776476641,0.09818656327541722,0.14726543761930894
model_replace@0.3,MultiKrum,MacroAUROC,10,0.9586833097479696,0.0006874144133788545,0.958191563100083,0.9591750563958561
model_replace@0.3,MultiKrum,MacroF1,10,0.6073703301196293,0.06152616519550156,0.5633571629480478,0.6513834972912107
model_replace@0.3,MultiKrum,MacroFPR,10,0.08060286338766205,0.01219851898007647,0.0718765685924345,0.0893291581828896
model_replace@0.3,RawTrust,MacroAUROC,10,0.8917712195356176,0.07041792233399986,0.8413972724886402,0.942145166582595
model_replace@0.3,RawTrust,MacroF1,10,0.4352650445143789,0.1729455111146273,0.311547278778847,0.5589828102499108
model_replace@0.3,RawTrust,MacroFPR,10,0.10922210489429598,0.028909191333660177,0.0885417152272239,0.12990249456136807
model_replace@0.3,TrimmedMean,MacroAUROC,10,0.957445763778809,0.002211989909199227,0.9558634015212868,0.9590281260363311
model_replace@0.3,TrimmedMean,MacroF1,10,0.6411360220985302,0.04573775080224717,0.6084172061977688,0.6738548379992915
model_replace@0.3,TrimmedMean,MacroFPR,10,0.07517989476993567,0.00493733883834664,0.07164793533471996,0.07871185420515138
sign_flip@0.3,AgriTrust-ACFL,MacroAUROC,10,0.9450902140490157,0.015289398207151774,0.9341528374531239,0.9560275906449075
sign_flip@0.3,AgriTrust-ACFL,MacroF1,10,0.50466654233509,0.060849680010367675,0.4611373035124928,0.5481957811576872
sign_flip@0.3,AgriTrust-ACFL,MacroFPR,10,0.10374957739189002,0.011360481204343336,0.09562277870701227,0.11187637607676776
sign_flip@0.3,Async-Stale,MacroAUROC,10,0.6024728220635595,0.19687938511595107,0.4616337942741259,0.743311849852993
sign_flip@0.3,Async-Stale,MacroF1,10,0.17168087753513656,0.09832001957657328,0.10134697253412607,0.24201478253614706
sign_flip@0.3,Async-Stale,MacroFPR,10,0.15841240839209852,0.009064547281732374,0.15192802189445342,0.16489679488974363
sign_flip@0.3,CoordMedian,MacroAUROC,10,0.9247159517891435,0.05233432952220343,0.8872782277451657,0.9621536758331212
sign_flip@0.3,CoordMedian,MacroF1,10,0.48838197240298103,0.09358397821115536,0.4214360272997687,0.5553279175061934
sign_flip@0.3,CoordMedian,MacroFPR,10,0.09226366240240351,0.0184331631719257,0.07907737182815652,0.1054499529766505
sign_flip@0.3,FedAvg,MacroAUROC,10,0.5559139245436089,0.1104624740157451,0.47689383090388804,0.6349340181833297
sign_flip@0.3,FedAvg,MacroF1,10,0.14644735570458672,0.12967708628113286,0.053681956484932514,0.23921275492424093
sign_flip@0.3,FedAvg,MacroFPR,10,0.15896335179759205,0.011513842789551301,0.15072684484362248,0.16719985875156163
sign_flip@0.3,MultiKrum,MacroAUROC,10,0.9582845764945731,0.001440230429877673,0.9572542977103455,0.9593148552788007
sign_flip@0.3,MultiKrum,MacroF1,10,0.5830363220960384,0.07001483014788014,0.5329507298281517,0.6331219143639251
sign_flip@0.3,MultiKrum,MacroFPR,10,0.0822060324151354,0.011467895265751779,0.07400239433962888,0.09040967049064191
sign_flip@0.3,RawTrust,MacroAUROC,10,0.6964217334666751,0.17570329169023594,0.5707311703511811,0.8221122965821691
sign_flip@0.3,RawTrust,MacroF1,10,0.2117235619915237,0.1335942530448518,0.11615599047553514,0.30729113350751225
sign_flip@0.3,RawTrust,MacroFPR,10,0.1519775445998511,0.016392147078012047,0.1402513089836186,0.16370378021608362
sign_flip@0.3,TrimmedMean,MacroAUROC,10,0.8651713197678914,0.1046865841235459,0.7902830488507835,0.9400595906849993
sign_flip@0.3,TrimmedMean,MacroF1,10,0.3654970107006615,0.11805068831067489,0.28104863556094317,0.4499453858403798
sign_flip@0.3,TrimmedMean,MacroFPR,10,0.11544505426236056,0.029324659865570726,0.09446745631176542,0.1364226522129557
