Method,Round,Client,Staleness,Malicious,DirectionScore,NormScore,MaxSimilarity,SimilarityScore,ConsensusVotes,InstantTrust,UpdatedTrust,UpdateNorm,Accepted,Probation,AggregationWeight,ClipCap,EffectiveThreshold,TrustUpdate,UsedForCalibration
AgriTrust-ACFL,1,0,0,False,0.7947403490543365,1.0,0.845609188079834,1.0,9,0.8589921949634631,0.9647480487408657,2.5900585651397705,True,False,7121.770095805071,6.475146412849426,0.0,symmetric,False
AgriTrust-ACFL,1,1,0,False,0.7871063351631165,0.6703215457010187,0.5104924440383911,1.0,9,0.7441259059956237,0.936031476498906,3.097116708755493,True,False,18934.04470661987,6.475146412849426,0.0,symmetric,False
AgriTrust-ACFL,1,2,0,False,0.8096384406089783,0.8975206728069973,0.845609188079834,1.0,9,0.8539833899766819,0.9634958474941705,2.7183024883270264,True,False,11851.962420025791,6.475146412849426,0.0,symmetric,False
AgriTrust-ACFL,1,4,0,False,0.7407343685626984,0.03044979284085326,0.5002460479736328,1.0,9,0.29517108107487444,0.8237927702687187,0.5438783168792725,True,False,634.3204331069134,6.475146412849426,0.0,symmetric,False
AgriTrust-ACFL,1,5,0,False,0.6977164149284363,0.0076006727817274685,0.5002460479736328,1.0,9,0.18603786946954007,0.796509467367385,0.29247739911079407,True,False,367.1908644563645,6.475146412849426,0.0,symmetric,False
AgriTrust-ACFL,1,6,0,False,0.5800812840461731,0.06428825549013109,0.22350600361824036,1.0,9,0.3200866034618705,0.8300216508654676,0.759570300579071,True,False,853.2622570897007,6.475146412849426,0.0,symmetric,False
AgriTrust-ACFL,1,7,0,False,0.7808342576026917,0.8821825722625568,0.46496284008026123,1.0,9,0.8395338877550916,0.9598834719387729,2.7393269538879395,True,False,8980.669763459158,6.475146412849426,0.0,symmetric,False
AgriTrust-ACFL,1,8,0,False,0.6893922984600067,0.8098892744571853,0.4124302864074707,1.0,9,0.7362704065549805,0.9340676016387451,2.846043348312378,True,False,24571.582328708828,6.475146412849426,0.0,symmetric,False
AgriTrust-ACFL,1,9,0,False,0.7426494359970093,0.06699391696318724,0.5104924440383911,1.0,9,0.36235776833452077,0.8405894420836302,0.7736964225769043,True,False,912.8801341028224,6.475146412849426,0.0,symmetric,False
AgriTrust-ACFL,2,0,1,False,0.7450271844863892,1.0,0.5594112873077393,1.0,9,0.8290104193152281,0.9308136413844563,2.566246271133423,True,False,4381.312830616357,6.415615677833557,0.0,symmetric,False
AgriTrust-ACFL,2,1,1,False,0.7650240361690521,0.6703214201755237,0.40991196036338806,1.0,9,0.732570320850194,0.8851661875867279,3.1191723346710205,True,False,11416.822370036081,6.415615677833557,0.0,symmetric,False
AgriTrust-ACFL,2,2,0,False,0.6683893948793411,0.5730096960879294,0.5594112873077393,1.0,9,0.6717239199468337,0.8905528656073363,1.9558117389678955,True,False,10954.690799835844,6.415615677833557,0.0,symmetric,False
AgriTrust-ACFL,2,3,1,False,0.8030285537242889,0.7617856099274517,0.9414955377578735,1.0,9,0.7934635756095135,0.9483658939023784,2.930499315261841,True,False,15907.364258091682,6.415615677833557,0.0,symmetric,False
AgriTrust-ACFL,2,4,1,False,0.7192820608615875,0.04109781361193902,0.3951263725757599,1.0,9,0.3177783619722637,0.697289168194605,0.5408834218978882,True,False,342.3506266655935,6.415615677833557,0.0,symmetric,False
AgriTrust-ACFL,2,5,0,False,0.7309201657772064,0.011651693119701413,0.44511061906814575,1.0,9,0.2169539240769056,0.6516205815447651,0.29245656728744507,True,False,300.3970880921367,6.415615677833557,0.0,symmetric,False
AgriTrust-ACFL,2,6,1,False,0.5868089348077774,0.08041108267358078,0.25707870721817017,1.0,9,0.34449038431020185,0.7086388342266512,0.7504110932350159,True,False,464.4998159963376,6.415615677833557,0.0,symmetric,False
AgriTrust-ACFL,2,7,1,False,0.8147110939025879,0.8551826051111088,0.44511061906814575,1.0,9,0.8513986763396686,0.9327622730389968,2.7697513103485107,True,False,5564.532308868909,6.415615677833557,0.0,symmetric,False
AgriTrust-ACFL,2,8,1,False,0.7855443358421326,0.8010404932869205,0.9414955377578735,1.0,9,0.7884848307779275,0.8976719089235408,2.859543800354004,True,False,15057.05143058757,6.415615677833557,0.0,symmetric,False
AgriTrust-ACFL,3,0,2,False,0.6936988979578018,0.5218952638018581,0.3766215145587921,1.0,8,0.6558195855808292,0.8620651274335496,2.5747878551483154,True,False,2587.313677498591,2.2856195271015167,0.0,symmetric,True
AgriTrust-ACFL,3,1,1,False,0.7257149815559387,0.6138037595978011,0.40045252442359924,1.0,8,0.6930639482838821,0.8371406277610165,1.9829446077346802,True,False,10797.391472831858,2.2856195271015167,0.0,symmetric,True
AgriTrust-ACFL,3,4,1,False,0.7792311310768127,0.7213018345286142,0.4374699890613556,1.0,8,0.7843966023116175,0.7190660267238581,0.5340030789375305,True,False,353.04249096573864,2.2856195271015167,0.0,symmetric,True
AgriTrust-ACFL,3,5,1,False,0.7304599583148956,0.49617385991959073,0.4374699890613556,1.0,8,0.6683293304213589,0.6557977687639136,0.2923593819141388,True,False,192.76950992105859,2.2856195271015167,0.0,symmetric,True
AgriTrust-ACFL,3,6,1,False,0.6026617586612701,0.9068556794362909,0.16407063603401184,1.0,8,0.7231211907825444,0.7122594233656245,0.7720215916633606,True,False,466.87304606449607,2.2856195271015167,0.0,symmetric,True
AgriTrust-ACFL,3,7,0,False,0.7912273406982422,0.6229424364660073,0.3766215145587921,1.0,8,0.7618393466399433,0.8900315414392335,1.936314344406128,True,False,8327.135101705468,2.2856195271015167,0.0,symmetric,True
AgriTrust-ACFL,3,8,0,False,0.5413914509117603,0.9093549129131425,0.2431238293647766,1.0,8,0.6674279770001462,0.8401109259426921,1.0530452728271484,True,False,22099.958017848458,2.2856195271015167,0.0,symmetric,True
AgriTrust-ACFL,3,9,0,False,0.6889531314373016,0.9093549129131425,0.40045252442359924,1.0,8,0.760361629840551,0.8205324890228604,0.7754503488540649,True,False,891.0982830788264,2.2856195271015167,0.0,symmetric,True
AgriTrust-ACFL,4,1,3,False,0.703949511051178,0.5896528333117176,0.4206185042858124,1.0,8,0.6733949336618256,0.7962042042362188,3.0951318740844727,True,False,4175.22477494989,3.387298285961151,0.0,symmetric,True
AgriTrust-ACFL,4,2,0,False,0.7581787705421448,0.7308481919507872,0.37695375084877014,1.0,8,0.7744591472109288,0.8615294360082344,2.122457981109619,True,False,10597.67359233729,3.387298285961151,0.0,symmetric,True
AgriTrust-ACFL,4,3,3,False,0.4375530108809471,0.6088374464363114,0.4206185042858124,1.0,8,0.5312419976511243,0.8440849198395649,2.9257898330688477,True,False,5756.299823444057,3.387298285961151,0.0,symmetric,True
AgriTrust-ACFL,4,4,0,False,0.8071843385696411,0.6148054827724273,0.690173327922821,1.0,8,0.7623255048181657,0.729880896247435,0.5203200578689575,True,False,562.008290110525,3.387298285961151,0.0,symmetric,True
AgriTrust-ACFL,4,5,0,False,0.7246665358543396,0.4310669188853369,0.5104961395263672,1.0,8,0.6379134387086327,0.6513266862500934,0.278803288936615,True,False,300.26160236129306,3.387298285961151,0.0,symmetric,True
AgriTrust-ACFL,4,6,0,False,0.5944033861160278,0.7559598915206931,0.3292829096317291,1.0,8,0.6795219089566392,0.7040750447633781,0.7481918931007385,True,False,723.7891460167527,3.387298285961151,0.0,symmetric,True
AgriTrust-ACFL,4,7,1,False,0.7315692752599716,0.7697803241065083,0.5104961395263672,1.0,8,0.7775241014059177,0.8619046814309045,1.937442660331726,True,False,5141.820789301068,3.387298285961151,0.0,symmetric,True
AgriTrust-ACFL,4,9,2,False,0.8184954226016998,0.7697803241065083,0.690173327922821,1.0,8,0.7951788616479059,0.8141940821791217,0.7723959684371948,True,False,359.4948994964511,3.387298285961151,0.0,symmetric,True
AgriTrust-ACFL,5,0,2,False,0.70253586769104,0.5123809311850861,0.6548872590065002,1.0,8,0.6567663403438603,0.8107404306611273,2.0277299880981445,True,False,2433.2730073370526,2.762773111462593,0.0,symmetric,True
AgriTrust-ACFL,5,1,0,False,0.7215895801782608,0.6762048108554551,0.39313822984695435,1.0,8,0.7112564413459389,0.7749672635136489,1.5671566724777222,True,False,15676.037806354088,2.762773111462593,0.0,symmetric,True
AgriTrust-ACFL,5,2,0,False,0.7728282511234283,0.7031833143534163,0.6548872590065002,1.0,8,0.773645815782812,0.8395585309518788,1.5112388134002686,True,False,10327.409489239062,2.762773111462593,0.0,symmetric,True
AgriTrust-ACFL,5,3,1,False,0.581805482506752,0.8344845171946418,0.7330133318901062,1.0,8,0.6830121076108663,0.8038167167823902,0.9211302399635315,True,False,13482.776418694164,2.762773111462593,0.0,symmetric,True
AgriTrust-ACFL,5,4,1,False,0.7125361859798431,0.4437887751768064,0.39313822984695435,1.0,8,0.6454770913606757,0.7087799450257452,0.5124195218086243,True,False,347.992295615078,2.762773111462593,0.0,symmetric,True
AgriTrust-ACFL,5,5,0,False,0.583956316113472,0.2418723261680041,0.23520474135875702,1.0,8,0.4763293931768286,0.6075773629817772,0.2916237711906433,True,False,280.0931643345993,2.762773111462593,0.0,symmetric,True
AgriTrust-ACFL,5,6,0,False,0.6410670578479767,0.6644879251528184,0.24588820338249207,1.0,8,0.6814785140153129,0.6984259120763617,0.7454888820648193,True,False,717.9818376144999,2.762773111462593,0.0,symmetric,True
AgriTrust-ACFL,5,8,0,False,0.48548121843487024,0.8344845171946418,0.7330133318901062,1.0,8,0.6125949874360445,0.7832319413160302,1.289088249206543,True,False,20603.699448259493,2.762773111462593,0.0,symmetric,True
AgriTrust-ACFL,6,0,1,False,0.6928716897964478,0.6076052273674646,0.37157899141311646,1.0,7,0.6859790033510135,0.7795500738335989,1.4083338975906372,True,False,3669.3196024878434,1.9641727209091187,0.0,symmetric,True
AgriTrust-ACFL,6,3,0,False,0.6543824076652527,0.9172484780769827,0.7645502090454102,1.0,7,0.7495983304600247,0.7902621202017988,0.8693255186080933,True,False,20788.635334028517,1.9641727209091187,0.0,symmetric,True
AgriTrust-ACFL,6,4,0,False,0.6302508115768433,0.6703206182738344,0.13942095637321472,1.0,7,0.6828122147522104,0.7022880124573615,0.49175289273262024,True,False,540.7617695921683,1.9641727209091187,0.0,symmetric,True
AgriTrust-ACFL,6,5,0,False,0.7713587284088135,0.41260565832956825,0.4152602553367615,1.0,7,0.6515892369883286,0.6185803314834151,0.27853336930274963,True,False,285.1655328138543,1.9641727209091187,0.0,symmetric,True
AgriTrust-ACFL,6,6,3,False,0.6436643898487091,0.9634163182974376,0.27959582209587097,1.0,7,0.7635123237664104,0.7146975149988739,0.7521065473556519,True,False,190.46616443327486,1.9641727209091187,0.0,symmetric,True
AgriTrust-ACFL,6,7,3,False,0.8317106068134308,0.46103123289945325,0.4152602553367615,1.0,7,0.7154300091901976,0.8252860133707277,1.9460152387619019,True,False,2001.6915115147797,1.9641727209091187,0.0,symmetric,True
AgriTrust-ACFL,6,8,2,False,0.6461586356163025,1.0,0.7645502090454102,1.0,7,0.7569019945333365,0.7766494546203568,0.7856690883636475,True,False,8306.437921048562,1.9641727209091187,0.0,symmetric,True
AgriTrust-ACFL,7,0,0,False,0.8050708770751953,0.7557579674144236,0.8564064502716064,1.0,9,0.7954060823476741,0.7835140759621178,2.211190938949585,True,False,5783.900908752354,3.289388120174408,0.0,symmetric,True
AgriTrust-ACFL,7,1,1,False,0.7931384444236755,1.0,0.6298937797546387,1.0,9,0.8425293660408762,0.7918577891454557,1.3157552480697632,True,False,10213.336035406764,3.289388120174408,0.0,symmetric,True
AgriTrust-ACFL,7,2,1,False,0.8433501720428467,0.8211012123262463,0.8564064502716064,1.0,9,0.8503531866064157,0.8422571948655131,1.8961139917373657,True,False,6606.213896630866,3.289388120174408,0.0,symmetric,True
AgriTrust-ACFL,7,3,6,False,0.38465020060539246,0.6501925775688893,0.41208744049072266,1.0,9,0.5047472997226864,0.7188834150820206,2.9224917888641357,True,False,1270.9198974021992,3.289388120174408,0.0,symmetric,True
AgriTrust-ACFL,7,4,3,False,0.7936210036277771,0.5997585668100163,0.6298937797546387,1.0,9,0.749659938451741,0.7141309939559564,0.5100271105766296,True,False,142.55125885650781,3.289388120174408,0.0,symmetric,True
AgriTrust-ACFL,7,5,0,False,0.7861423790454865,0.43577751648925633,0.4417409300804138,1.0,9,0.6693101942078623,0.6312627971645268,0.28213241696357727,True,False,291.01214949284685,3.289388120174408,0.0,symmetric,True
AgriTrust-ACFL,7,6,1,False,0.6626677364110947,0.741920335377795,0.2971391975879669,1.0,9,0.7173465655135419,0.7153597776275409,0.7565655708312988,True,False,468.90527167030166,3.289388120174408,0.0,symmetric,True
AgriTrust-ACFL,7,7,6,False,0.5985566079616547,0.670320407632901,0.28580084443092346,1.0,9,0.6679684119932009,0.785956613026346,2.7619035243988037,True,False,494.1896942390833,3.289388120174408,0.0,symmetric,True
AgriTrust-ACFL,7,8,0,False,0.4570605978369713,0.5688191166046606,0.41208744049072266,1.0,9,0.5282395952504644,0.7145469897778838,0.4623301327228546,True,False,18796.87311309701,3.289388120174408,0.0,symmetric,True
AgriTrust-ACFL,8,0,1,False,0.8659975528717041,0.36142996216863804,0.8383663296699524,1.0,9,0.6636005457758843,0.7535356934155594,2.213653326034546,True,False,3546.870667879874,1.8772399425506592,0.0,symmetric,True
AgriTrust-ACFL,8,2,0,False,0.8828817307949066,0.4682313963782346,0.8383663296699524,1.0,9,0.7368184984192953,0.8158975207539586,1.6813713312149048,True,False,10036.355402794445,1.8772399425506592,0.0,symmetric,True
AgriTrust-ACFL,8,3,1,False,0.43648603558540344,0.732360446378628,0.5886546969413757,1.0,9,0.560759036837389,0.6793523205208627,0.539350688457489,True,False,11395.07956959239,1.8772399425506592,0.0,symmetric,True
AgriTrust-ACFL,8,4,0,False,0.7895354628562927,0.6743811677107071,0.7023156881332397,1.0,9,0.7743016126239259,0.7291736486229488,0.49410438537597656,True,False,561.4637094396705,1.8772399425506592,0.0,symmetric,True
AgriTrust-ACFL,8,5,0,False,0.6025728434324265,0.3876061358421391,0.2792642116546631,1.0,9,0.5582706258403943,0.6130147543334937,0.27435290813446045,True,False,282.5998017477406,1.8772399425506592,0.0,symmetric,True
AgriTrust-ACFL,8,6,1,False,0.6676430404186249,1.0,0.3325285017490387,1.0,9,0.7877864665948116,0.7334664498693586,0.7508959770202637,True,False,480.77386469457315,1.8772399425506592,0.0,symmetric,True
AgriTrust-ACFL,8,7,1,False,0.8269330263137817,0.5076298269641449,0.5374189615249634,1.0,9,0.7340677451952821,0.77298439606858,1.5430842638015747,True,False,4611.353579043507,1.8772399425506592,0.0,symmetric,True
AgriTrust-ACFL,8,8,1,False,0.43543078005313873,0.670320677018786,0.5886546969413757,1.0,9,0.5403105150044254,0.6709878710845192,0.4909444749355316,True,False,11254.778927342593,1.8772399425506592,0.0,symmetric,True
AgriTrust-ACFL,8,9,2,False,0.8540782332420349,0.9968278695292458,0.7023156881332397,1.0,9,0.8796412875552945,0.8305558835231649,0.7534347176551819,True,False,366.7192017340885,1.8772399425506592,0.0,symmetric,True
AgriTrust-ACFL,9,0,1,False,0.8559744954109192,0.6835702112279667,0.8361838459968567,1.0,8,0.7982771816783767,0.7647210654812637,1.6382575035095215,True,False,3599.5198899881766,2.5425583124160767,0.0,symmetric,True
AgriTrust-ACFL,9,1,2,False,0.8193588554859161,0.6198213291319115,0.7787972688674927,1.0,8,0.7430770271526993,0.7796625986472665,1.8632957935333252,True,False,6412.016220787153,2.5425583124160767,0.0,symmetric,True
AgriTrust-ACFL,9,2,0,False,0.8970637917518616,0.6573277188590341,0.8361838459968567,1.0,8,0.8229309264434806,0.8176558721763391,1.72478449344635,True,False,10057.984883641147,2.5425583124160767,0.0,symmetric,True
AgriTrust-ACFL,9,5,0,False,0.6982452124357224,0.38130944153692337,0.37495121359825134,1.0,8,0.6024346990845195,0.6103697405212503,0.27966317534446716,True,False,281.3804503802964,2.5425583124160767,0.0,symmetric,True
AgriTrust-ACFL,9,6,3,False,0.6971710324287415,0.8179408296163994,0.3458558917045593,1.0,8,0.7595604379756462,0.7399899468959306,0.7627968788146973,True,False,197.2065719364824,2.5425583124160767,0.0,symmetric,True
AgriTrust-ACFL,9,7,1,False,0.6756303459405899,0.8476781163273711,0.32726287841796875,1.0,8,0.7660773802065518,0.771257642103073,1.2345809936523438,True,False,4601.052370999119,2.5425583124160767,0.0,symmetric,True
AgriTrust-ACFL,9,8,0,False,0.24952083826065063,0.6409297537106298,-0.1790715456008911,1.0,8,0.39246867304820465,0.6013580715754405,0.5535534024238586,True,False,15819.325430863539,2.5425583124160767,0.0,symmetric,True
AgriTrust-ACFL,9,9,2,False,0.8545131981372833,0.8476781163273711,0.7787972688674927,1.0,8,0.8381282170632287,0.8324489669081809,0.7994656562805176,True,False,367.5550636448178,2.5425583124160767,0.0,symmetric,True
AgriTrust-ACFL,10,1,4,False,0.8167373836040497,0.17715406056548735,0.6312997937202454,1.0,7,0.509440852759145,0.7121071621752362,1.318121075630188,True,False,2381.0484431060117,2.0570535957813263,0.0,symmetric,True
AgriTrust-ACFL,10,2,0,False,0.7262156456708908,0.15821205893483503,0.4379138946533203,1.0,7,0.4778965827328701,0.7327160498154719,1.3593358993530273,True,False,9013.14012878012,2.0570535957813263,0.0,symmetric,True
AgriTrust-ACFL,10,3,0,False,0.41690831631422043,0.7050260049994208,0.8761229515075684,1.0,7,0.5405787506343316,0.6446589280492299,0.9049705266952515,True,False,16958.39776126304,2.0570535957813263,0.0,symmetric,True
AgriTrust-ACFL,10,5,2,False,0.6399725824594498,0.016337840928851603,0.09460870921611786,1.0,7,0.22318730123859218,0.5135741307005858,0.26842084527015686,True,False,96.25848706200563,2.0570535957813263,0.0,symmetric,True
AgriTrust-ACFL,10,6,4,False,0.6451060473918915,0.7691758900852561,0.30189603567123413,1.0,7,0.7145192725302042,0.733622278304499,0.7660799026489258,True,False,124.662421493714,2.0570535957813263,0.0,symmetric,True
AgriTrust-ACFL,10,8,0,False,0.4034302830696106,1.0,0.8761229515075684,1.0,7,0.5841518922148644,0.5970565267352965,0.8228214383125305,True,False,15706.16899229871,2.0570535957813263,0.0,symmetric,True
AgriTrust-ACFL,10,9,0,False,0.7695013284683228,0.6703225080291303,0.6312997937202454,1.0,7,0.7373881275819064,0.8086837570766123,0.7379183173179626,True,False,878.2305601852009,2.0570535957813263,0.0,symmetric,True
AgriTrust-ACFL,1,0,0,False,0.7947403490543365,1.0,0.845609188079834,1.0,9,0.8589921949634631,0.901294536474424,2.5900585651397705,True,False,6653.356268254198,6.475146412849426,0.0,asymmetric,False
AgriTrust-ACFL,1,1,0,False,0.7871063351631165,0.6703215457010187,0.5104924440383911,1.0,9,0.7441259059956237,0.8208881341969365,3.097116708755493,True,False,16604.925178535632,6.475146412849426,0.0,asymmetric,False
AgriTrust-ACFL,1,2,0,False,0.8096384406089783,0.8975206728069973,0.845609188079834,1.0,9,0.8539833899766819,0.8977883729836773,2.7183024883270264,True,False,11043.694776072214,6.475146412849426,0.0,asymmetric,False
AgriTrust-ACFL,1,4,0,False,0.7407343685626984,0.03044979284085326,0.5002460479736328,1.0,9,0.29517108107487444,0.5066197567524121,0.5438783168792725,True,False,390.0972126993573,6.475146412849426,0.0,asymmetric,False
AgriTrust-ACFL,1,5,0,False,0.6977164149284363,0.0076006727817274685,0.5002460479736328,1.0,9,0.18603786946954007,0.43022650862867806,0.29247739911079407,True,False,198.33442047782057,6.475146412849426,0.0,asymmetric,False
AgriTrust-ACFL,1,6,0,False,0.5800812840461731,0.06428825549013109,0.22350600361824036,1.0,9,0.3200866034618705,0.5240606224233093,0.759570300579071,True,False,538.734319851162,6.475146412849426,0.0,asymmetric,False
AgriTrust-ACFL,1,7,0,False,0.7808342576026917,0.8821825722625568,0.46496284008026123,1.0,9,0.8395338877550916,0.8876737214285642,2.7393269538879395,True,False,8305.075337685646,6.475146412849426,0.0,asymmetric,False
AgriTrust-ACFL,1,8,0,False,0.6893922984600067,0.8098892744571853,0.4124302864074707,1.0,9,0.7362704065549805,0.8153892845884863,2.846043348312378,True,False,21449.63052038472,6.475146412849426,0.0,asymmetric,False
AgriTrust-ACFL,1,9,0,False,0.7426494359970093,0.06699391696318724,0.5104924440383911,1.0,9,0.36235776833452077,0.5536504378341645,0.7736964225769043,True,False,601.2643754879026,6.475146412849426,0.0,asymmetric,False
AgriTrust-ACFL,2,0,1,False,0.7444239109754562,1.0,0.5556972026824951,1.0,9,0.8286411493689956,0.8504371655006241,2.566246271133423,True,False,4002.983088321456,6.415615677833557,0.0,asymmetric,False
AgriTrust-ACFL,2,1,1,False,0.7656551599502563,0.6703214201755237,0.40991196036338806,1.0,9,0.7329026518738895,0.7592982965708036,3.1191723346710205,True,False,9793.385580456868,6.415615677833557,0.0,asymmetric,False
AgriTrust-ACFL,2,2,0,False,0.6687472462654114,0.5588114413826152,0.5556972026824951,1.0,9,0.6668830208700339,0.7361546265041269,1.932019591331482,True,False,9055.438060627264,6.415615677833557,0.0,asymmetric,False
AgriTrust-ACFL,2,3,1,False,0.8040836751461029,0.7617856099274517,0.9414955377578735,1.0,9,0.7940368107522795,0.8558257675265957,2.930499315261841,True,False,14355.147431006015,6.415615677833557,0.0,asymmetric,False
AgriTrust-ACFL,2,4,1,False,0.7194520831108093,0.04109781361193902,0.3953693211078644,1.0,9,0.31781967342275674,0.37445969842165333,0.5408834218978882,True,False,183.84985492831302,6.415615677833557,0.0,asymmetric,False
AgriTrust-ACFL,2,5,0,False,0.7300693094730377,0.011651023771092327,0.44437795877456665,1.0,9,0.21681124647157873,0.2808358251187085,0.29244837164878845,True,False,129.46531537972464,6.415615677833557,0.0,asymmetric,False
AgriTrust-ACFL,2,6,1,False,0.5861960202455521,0.08041108267358078,0.2566317021846771,1.0,9,0.34429243904475915,0.3982228940583242,0.7504110932350159,True,False,261.0278354522952,6.415615677833557,0.0,asymmetric,False
AgriTrust-ACFL,2,7,1,False,0.8143322467803955,0.8551826051111088,0.44437795877456665,1.0,9,0.8511809046256785,0.8821997989081314,2.7697513103485107,True,False,5262.894336311473,6.415615677833557,0.0,asymmetric,False
AgriTrust-ACFL,2,8,1,False,0.7866602838039398,0.8010404932869205,0.9414955377578735,1.0,9,0.7891007028786673,0.8114459973320134,2.859543800354004,True,False,13610.745745206577,6.415615677833557,0.0,asymmetric,False
AgriTrust-ACFL,3,0,2,False,0.6941904425621033,0.5206765782822063,0.37986332178115845,1.0,8,0.6556151525728635,0.7140617564511917,2.5747878551483154,True,False,2143.111570404229,2.2687631845474243,0.0,asymmetric,True
AgriTrust-ACFL,3,1,1,False,0.7251827716827393,0.6117975490000083,0.3901352286338806,1.0,8,0.6921042705439199,0.712262478351985,1.9846895933151245,True,False,9186.720313341766,2.2687631845474243,0.0,asymmetric,True
AgriTrust-ACFL,3,4,1,False,0.7768985629081726,0.724823076662763,0.43726903200149536,1.0,8,0.7842492448369166,0.43592813038394285,0.534155547618866,True,False,214.02923697281963,2.2687631845474243,0.0,asymmetric,True
AgriTrust-ACFL,3,5,1,False,0.7261693626642227,0.49909663209497696,0.43726903200149536,1.0,8,0.6673421834699143,0.3388117788713894,0.29249078035354614,True,False,99.592562950656,2.2687631845474243,0.0,asymmetric,True
AgriTrust-ACFL,3,6,1,False,0.6035863384604454,0.910701367121624,0.16550476849079132,1.0,8,0.7246505125004558,0.4471870368246439,0.7721344232559204,True,False,293.1229369438676,2.2687631845474243,0.0,asymmetric,True
AgriTrust-ACFL,3,7,0,False,0.7913128435611725,0.6199161358824794,0.37986332178115845,1.0,8,0.7607723445890672,0.7972005808847864,1.9429056644439697,True,False,7458.608634758061,2.2687631845474243,0.0,asymmetric,True
AgriTrust-ACFL,3,8,0,False,0.5417494177818298,0.9137503298687307,0.24818748235702515,1.0,8,0.6686371904033002,0.711479832481914,1.0386993885040283,True,False,18716.18847326923,2.2687631845474243,0.0,asymmetric,True
AgriTrust-ACFL,3,9,0,False,0.6866271495819092,0.9137503298687307,0.3901352286338806,1.0,8,0.7600473392340579,0.5846099730441485,0.7763111591339111,True,False,634.8864307259453,2.2687631845474243,0.0,asymmetric,True
AgriTrust-ACFL,4,1,3,False,0.7055384516716003,0.5898430427932994,0.4206185042858124,1.0,8,0.6742957353176547,0.7065674668968354,3.0951318740844727,True,False,3705.1776130612097,3.393884152173996,0.0,asymmetric,True
AgriTrust-ACFL,4,2,0,False,0.7590174674987793,0.7306227327086635,0.37282252311706543,1.0,8,0.7748584932879711,0.7419602065217035,2.1252377033233643,True,False,9126.852500423474,3.393884152173996,0.0,asymmetric,True
AgriTrust-ACFL,4,3,3,False,0.4352976977825165,0.6090442081930663,0.4206185042858124,1.0,8,0.5297881879633758,0.6275994618323417,2.9257898330688477,True,False,4279.961158440966,3.393884152173996,0.0,asymmetric,True
AgriTrust-ACFL,4,4,0,False,0.8077963590621948,0.6149952029163196,0.6826874613761902,1.0,8,0.7627139494977175,0.48494600325100906,0.5213907361030579,True,False,373.408422503277,3.393884152173996,0.0,asymmetric,True
AgriTrust-ACFL,4,5,0,False,0.7284320145845413,0.4301960150331761,0.5063736438751221,1.0,8,0.6393463758458384,0.38389196841755674,0.2783277630805969,True,False,176.97419744049367,3.393884152173996,0.0,asymmetric,True
AgriTrust-ACFL,4,6,0,False,0.5976692885160446,0.756115996325097,0.33158230781555176,1.0,8,0.6816150658912861,0.48235124118464023,0.7494524717330933,True,False,495.8570759378102,3.393884152173996,0.0,asymmetric,True
AgriTrust-ACFL,4,7,1,False,0.7325304299592972,0.7687757619195571,0.5063736438751221,1.0,8,0.7777810181874399,0.7942876464801845,1.9434754848480225,True,False,4738.4412932722125,3.393884152173996,0.0,asymmetric,True
AgriTrust-ACFL,4,9,2,False,0.8199735283851624,0.7687757619195571,0.6826874613761902,1.0,8,0.7956565766826375,0.6162669635899218,0.7716318368911743,True,False,272.1032183699936,3.393884152173996,0.0,asymmetric,True
AgriTrust-ACFL,5,0,2,False,0.6841417253017426,0.5122904114197756,0.6096078157424927,1.0,8,0.6472179217526506,0.6672710721622129,2.0547256469726562,True,False,2002.6788193418968,2.8300032764673233,0.0,asymmetric,True
AgriTrust-ACFL,5,1,0,False,0.7184629738330841,0.695352218092926,0.3666444420814514,1.0,8,0.7155285466195753,0.7079116288552464,1.5518394708633423,True,False,14319.636428483924,2.8300032764673233,0.0,asymmetric,True
AgriTrust-ACFL,5,2,0,False,0.7688674330711365,0.7305252148686853,0.6096078157424927,1.0,8,0.7803417425945619,0.7477174369326323,1.483056664466858,True,False,9197.672191708309,2.8300032764673233,0.0,asymmetric,True
AgriTrust-ACFL,5,3,1,False,0.5936301425099373,0.8112235715219449,0.7168797850608826,1.0,8,0.6847799883995539,0.6361765408174235,0.917057454586029,True,False,10670.872953469154,2.8300032764673233,0.0,asymmetric,True
AgriTrust-ACFL,5,4,1,False,0.6998751610517502,0.43164394783841886,0.3666444420814514,1.0,8,0.6338451137133546,0.5072808698203609,0.5136255621910095,True,False,249.06155380001445,2.8300032764673233,0.0,asymmetric,True
AgriTrust-ACFL,5,5,0,False,0.5850580260157585,0.23344125707649957,0.24286985397338867,1.0,8,0.4717751169226197,0.3970744406933162,0.29200437664985657,True,False,183.05131715961878,2.8300032764673233,0.0,asymmetric,True
AgriTrust-ACFL,5,6,0,False,0.6399562060832977,0.6461904205708362,0.2417231649160385,1.0,8,0.6751494703661908,0.5112709755618728,0.7441197633743286,True,False,525.5865628776053,2.8300032764673233,0.0,asymmetric,True
AgriTrust-ACFL,5,8,0,False,0.4978960365988314,0.8112235715219449,0.7168797850608826,1.0,8,0.6159160934544743,0.6445852151627062,1.3469451665878296,True,False,16956.458670070147,2.8300032764673233,0.0,asymmetric,True
AgriTrust-ACFL,6,0,1,False,0.6820318400859833,0.617509121730549,0.35984835028648376,1.0,7,0.6833621080374818,0.6696847275435033,1.3901206254959106,True,False,3152.18660191755,1.955510526895523,0.0,asymmetric,True
AgriTrust-ACFL,6,3,0,False,0.6699123382568359,0.8999464866183823,0.7652743458747864,1.0,7,0.7550053257106705,0.6540008585514105,0.8870192766189575,True,False,17204.146585053404,1.955510526895523,0.0,asymmetric,True
AgriTrust-ACFL,6,4,0,False,0.637064129114151,0.6703206079812853,0.16400814056396484,1.0,7,0.6868622303668365,0.5342180739023322,0.485400527715683,True,False,411.3479169047958,1.955510526895523,0.0,asymmetric,True
AgriTrust-ACFL,6,5,0,False,0.7698816955089569,0.422808380723984,0.3829905688762665,1.0,7,0.6556900630716294,0.4358667840500632,0.28013232350349426,True,False,200.93458744707914,1.955510526895523,0.0,asymmetric,True
AgriTrust-ACFL,6,6,3,False,0.6287826597690582,0.9650400528588243,0.2747122645378113,1.0,7,0.7541331711279505,0.5477003048967845,0.7496955990791321,True,False,145.9615769516004,1.955510526895523,0.0,asymmetric,True
AgriTrust-ACFL,6,7,3,False,0.8186893165111542,0.46457098179654016,0.3829905688762665,1.0,7,0.7108769916355443,0.7359001880889363,1.951996922492981,True,False,1784.8904936645827,1.955510526895523,0.0,asymmetric,True
AgriTrust-ACFL,6,8,2,False,0.6626944094896317,1.0,0.7652743458747864,1.0,7,0.7674947870857056,0.6630216509511562,0.7822042107582092,True,False,7091.163395754934,1.955510526895523,0.0,asymmetric,True
AgriTrust-ACFL,7,0,0,False,0.8038606643676758,0.7530912907106011,0.8521623015403748,1.0,9,0.793905916481953,0.6883179058842708,2.204892873764038,True,False,5081.162781237686,3.184804618358612,0.0,asymmetric,True
AgriTrust-ACFL,7,1,1,False,0.7827723026275635,1.0,0.6099525690078735,1.0,9,0.8364550239743462,0.7271931381231114,1.2739218473434448,True,False,9379.295100839161,3.184804618358612,0.0,asymmetric,True
AgriTrust-ACFL,7,2,1,False,0.8432684540748596,0.823232326669628,0.8521623015403748,1.0,9,0.8509693424651548,0.7632052227625106,1.8559620380401611,True,False,5986.172607762662,3.184804618358612,0.0,asymmetric,True
AgriTrust-ACFL,7,3,6,False,0.3886929154396057,0.6510207743796986,0.41184931993484497,1.0,9,0.5078520620485952,0.5516967009994398,2.9224917888641357,True,False,975.3491316131435,3.184804618358612,0.0,asymmetric,True
AgriTrust-ACFL,7,4,3,False,0.7899252474308014,0.6237179110044506,0.6099525690078735,1.0,9,0.7565765784083881,0.5675718495782406,0.5111363530158997,True,False,113.29585514934904,3.184804618358612,0.0,asymmetric,True
AgriTrust-ACFL,7,5,0,False,0.7844396829605103,0.45850632338370273,0.45479902625083923,1.0,9,0.6787872615013041,0.4723048556677493,0.28183674812316895,True,False,217.73253846283245,3.184804618358612,0.0,asymmetric,True
AgriTrust-ACFL,7,6,1,False,0.6581367552280426,0.7652355975577034,0.29307469725608826,1.0,9,0.7213093567394382,0.5737416626731825,0.7591689825057983,True,False,376.0771832833081,3.184804618358612,0.0,asymmetric,True
AgriTrust-ACFL,7,7,6,False,0.6016322672367096,0.6703203925345294,0.28580084443092346,1.0,9,0.6698540112908274,0.6896678643302601,2.7619035243988037,True,False,433.64575773149954,3.184804618358612,0.0,asymmetric,True
AgriTrust-ACFL,7,8,0,False,0.45916441828012466,0.5961005571120013,0.41184931993484497,1.0,9,0.5370707473909462,0.5748560184590091,0.4682595729827881,True,False,15122.162421582694,3.184804618358612,0.0,asymmetric,True
AgriTrust-ACFL,8,0,1,False,0.861921101808548,0.3643965242156258,0.8259888887405396,1.0,9,0.6635057995954566,0.6845960899409487,2.2064051628112793,True,False,3222.373952520541,1.8642155826091766,0.0,asymmetric,True
AgriTrust-ACFL,8,2,0,False,0.8778496384620667,0.4855535017270925,0.8259888887405396,1.0,9,0.7425542205478456,0.7601075724303108,1.6207777261734009,True,False,9350.083248465253,1.8642155826091766,0.0,asymmetric,True
AgriTrust-ACFL,8,3,1,False,0.4459535591304302,0.746460805691823,0.5942342281341553,1.0,9,0.5706719467372819,0.5545429878601161,0.5446159839630127,True,False,9301.596948370876,1.8642155826091766,0.0,asymmetric,True
AgriTrust-ACFL,8,4,0,False,0.7751054763793945,0.6703206698258,0.6685647964477539,1.0,9,0.7650985114873287,0.5972008488646038,0.4851551949977875,True,False,459.8446536257449,1.8642155826091766,0.0,asymmetric,True
AgriTrust-ACFL,8,5,0,False,0.5757219344377518,0.39466477808797557,0.22618368268013,1.0,9,0.5474038741843411,0.4835697084452381,0.2745782136917114,True,False,222.92563559325478,1.8642155826091766,0.0,asymmetric,True
AgriTrust-ACFL,8,6,1,False,0.65849868953228,0.9912340050083206,0.33566662669181824,1.0,9,0.7797712114593164,0.6046460949911026,0.7527749538421631,True,False,396.33447434866594,1.8642155826091766,0.0,asymmetric,True
AgriTrust-ACFL,8,7,1,False,0.8291545212268829,0.515359874268679,0.5400104522705078,1.0,9,0.7384923608976809,0.6969915388153731,1.520267367362976,True,False,4158.006867184104,1.8642155826091766,0.0,asymmetric,True
AgriTrust-ACFL,8,8,1,False,0.4395148828625679,0.6833197541528938,0.5942342281341553,1.0,9,0.5462302915427384,0.5705621594215685,0.49527254700660706,True,False,9570.293660029633,1.8642155826091766,0.0,asymmetric,True
AgriTrust-ACFL,8,9,2,False,0.8474307954311371,1.0,0.6685647964477539,1.0,9,0.8767043828565058,0.6553325764799094,0.7456862330436707,True,False,289.35204010309445,1.8642155826091766,0.0,asymmetric,True
AgriTrust-ACFL,9,0,1,False,0.8529327511787415,0.6817523651167109,0.8205490112304688,1.0,8,0.7960795251707702,0.7013186052254219,1.5823314189910889,True,False,3301.0863472669985,2.513938471674919,0.0,asymmetric,True
AgriTrust-ACFL,9,1,2,False,0.8121447563171387,0.6008446754044383,0.7798662781715393,1.0,8,0.7326054681595466,0.7280049876285767,1.8505746126174927,True,False,5987.179322937181,2.513938471674919,0.0,asymmetric,True
AgriTrust-ACFL,9,2,0,False,0.8939321041107178,0.6535171620412809,0.8205490112304688,1.0,8,0.8199182681796862,0.7690791767927171,1.6675090789794922,True,False,9460.442953727214,2.513938471674919,0.0,asymmetric,True
AgriTrust-ACFL,9,5,0,False,0.669296145439148,0.36170077368941894,0.3241533637046814,1.0,8,0.57931828798883,0.4979319953767769,0.2789972722530365,True,False,229.54664986869415,2.513938471674919,0.0,asymmetric,True
AgriTrust-ACFL,9,6,3,False,0.6920680403709412,0.8163078660735047,0.35830944776535034,1.0,8,0.7560441677169838,0.6273558058999847,0.765242338180542,True,False,167.18968735312367,2.513938471674919,0.0,asymmetric,True
AgriTrust-ACFL,9,7,1,False,0.6619189083576202,0.845345084393575,0.3092690706253052,1.0,8,0.7568610554423205,0.7059719663094153,1.2120234966278076,True,False,4211.580945362931,2.513938471674919,0.0,asymmetric,True
AgriTrust-ACFL,9,8,0,False,0.24271899461746216,0.6590804991303254,-0.17574207484722137,1.0,8,0.3897999011618945,0.4440285786397967,0.5869786143302917,True,False,11680.615789698493,2.513938471674919,0.0,asymmetric,True
AgriTrust-ACFL,9,9,2,False,0.8473030924797058,0.845345084393575,0.7798662781715393,1.0,8,0.8335418112790849,0.6820639616997858,0.7991272807121277,True,False,301.15487293295314,2.513938471674919,0.0,asymmetric,True
AgriTrust-ACFL,10,1,4,False,0.7941629886627197,0.5698236374936636,0.6292431354522705,1.0,7,0.7122222521497364,0.7256375773067507,1.2761197090148926,True,False,2426.2896309422085,2.2906531393527985,0.0,asymmetric,True
AgriTrust-ACFL,10,2,0,False,0.6947210133075714,0.5792494857446233,0.3726775050163269,1.0,7,0.6883850122248487,0.7125932615952092,1.2638472318649292,True,False,8765.609710882669,2.2906531393527985,0.0,asymmetric,True
AgriTrust-ACFL,10,3,0,False,0.4519224129617214,0.8658798562489168,0.8984056711196899,1.0,7,0.6010319339061161,0.561516329767016,0.9973729848861694,True,False,14771.248570851125,2.2906531393527985,0.0,asymmetric,True
AgriTrust-ACFL,10,5,2,False,0.6262519657611847,0.12656829207428802,0.15229766070842743,1.0,7,0.4075977811933445,0.4346980454483742,0.2711919844150543,True,False,81.47485179323839,2.2906531393527985,0.0,asymmetric,True
AgriTrust-ACFL,10,6,4,False,0.6348947584629059,0.7421381694954714,0.29927724599838257,1.0,7,0.7007135647855312,0.6383594697328167,0.7686579823493958,True,False,108.47467373026768,2.2906531393527985,0.0,asymmetric,True
AgriTrust-ACFL,10,8,0,False,0.4399365894496441,1.0,0.8984056711196899,1.0,7,0.6126573691022787,0.46932289720916903,0.9162612557411194,True,False,12346.0081339844,2.2906531393527985,0.0,asymmetric,True
AgriTrust-ACFL,10,9,0,False,0.7483695149421692,0.6703211840756906,0.6292431354522705,1.0,7,0.7261804893871957,0.6886814408528973,0.7239318490028381,True,False,747.9080447662465,2.2906531393527985,0.0,asymmetric,True
